"country","iso2","iso3","iso_numeric","g_whoregion","year","screen_data_available","newinc_con","newinc_con_screen","rev_newinc","rev_newinc_con","rev_newinc_con_screen","prevtx_data_available","newinc_con_prevtx","newinc_con04_prevtx","ptsurvey_newinc","ptsurvey_newinc_con_prevtx","ptsurvey_newinc_con04_prevtx","prevtx_short_data_available","prevtx_short_rifamycin","prevtx_5plus_data_available","newinc_con5plus_prevtx","ptsurvey_newinc_5plus","ptsurvey_newinc_con5plus_prevtx"
"Afghanistan","AF","AFG","004","EMR",2015,,,,,,,60,,10164,,,,,,,,,
"Afghanistan","AF","AFG","004","EMR",2016,,,,,,,60,,15417,,,,,,,,,
"Afghanistan","AF","AFG","004","EMR",2017,,,,,,,60,,24666,,,,,,60,22939,,
"Afghanistan","AF","AFG","004","EMR",2018,,,,,,,60,22467,22467,,,,0,,,,,
"Afghanistan","AF","AFG","004","EMR",2019,60,32737,29469,,,,60,24701,24701,,,,0,,,,,
"Albania","AL","ALB","008","EUR",2015,,,,,,,60,,1,,,,,,,,,
"Albania","AL","ALB","008","EUR",2016,,,,,,,60,,1,,,,,,,,,
"Albania","AL","ALB","008","EUR",2017,,,,,,,60,,6,,,,,,60,20,,
"Albania","AL","ALB","008","EUR",2018,,,,,,,60,45,7,,,,0,,,,,
"Albania","AL","ALB","008","EUR",2019,60,61,27,,,,60,54,12,,,,0,,,,,
"Algeria","DZ","DZA","012","AFR",2015,,,,,,,0,,,,,,,,,,,
"Algeria","DZ","DZA","012","AFR",2016,,,,,,,0,,,,,,,,,,,
"Algeria","DZ","DZA","012","AFR",2017,,,,,,,0,,,,,,,,0,,,
"Algeria","DZ","DZA","012","AFR",2018,,,,,,,0,,,,,,0,,,,,
"Algeria","DZ","DZA","012","AFR",2019,0,,,,,,0,,,,,,0,,,,,
"American Samoa","AS","ASM","016","WPR",2015,,,,,,,,,,,,,,,,,,
"American Samoa","AS","ASM","016","WPR",2016,,,,,,,,,,,,,,,,,,
"American Samoa","AS","ASM","016","WPR",2017,,,,,,,0,,,,,,,,,0,0,0
"American Samoa","AS","ASM","016","WPR",2018,,,,,,,60,0,0,,,,0,,,,,
"American Samoa","AS","ASM","016","WPR",2019,60,1,0,,,,60,0,0,,,,1,,,,,
"Andorra","AD","AND","020","EUR",2015,,,,,,,60,,0,,,,,,,,,
"Andorra","AD","AND","020","EUR",2016,,,,,,,60,,0,,,,,,,,,
"Andorra","AD","AND","020","EUR",2017,,,,,,,60,,1,,,,,,60,2,,
"Andorra","AD","AND","020","EUR",2018,,,,,,,60,1,0,,,,1,0,,,,
"Andorra","AD","AND","020","EUR",2019,60,7,7,,,,60,0,0,,,,1,0,,,,
"Angola","AO","AGO","024","AFR",2015,,,,,,,0,,,,,,,,,,,
"Angola","AO","AGO","024","AFR",2016,,,,,,,0,,,,,,,,,,,
"Angola","AO","AGO","024","AFR",2017,,,,,,,0,,,,,,,,0,,,
"Angola","AO","AGO","024","AFR",2018,,,,,,,0,,,,,,0,,,,,
"Angola","AO","AGO","024","AFR",2019,0,,,,,,0,,,,,,194,,,,,
"Anguilla","AI","AIA","660","AMR",2015,,,,,,,0,,,,,,,,,,,
"Anguilla","AI","AIA","660","AMR",2016,,,,,,,2,,,,,,,,,,,
"Anguilla","AI","AIA","660","AMR",2017,,,,,,,2,,,,,,,,2,,,
"Anguilla","AI","AIA","660","AMR",2018,,,,,,,2,,,,,,2,,,,,
"Anguilla","AI","AIA","660","AMR",2019,,,,,,,,,,,,,,,,,,
"Antigua and Barbuda","AG","ATG","028","AMR",2015,,,,,,,,,,,,,,,,,,
"Antigua and Barbuda","AG","ATG","028","AMR",2016,,,,,,,0,,,,,,,,,,,
"Antigua and Barbuda","AG","ATG","028","AMR",2017,,,,,,,60,,0,,,,,,60,0,,
"Antigua and Barbuda","AG","ATG","028","AMR",2018,,,,,,,60,4,0,,,,2,,,,,
"Antigua and Barbuda","AG","ATG","028","AMR",2019,60,1,1,,,,60,0,0,,,,1,1,,,,
"Argentina","AR","ARG","032","AMR",2015,,,,,,,0,,,,,,,,,,,
"Argentina","AR","ARG","032","AMR",2016,,,,,,,0,,,,,,,,,,,
"Argentina","AR","ARG","032","AMR",2017,,,,,,,0,,,,,,,,0,,,
"Argentina","AR","ARG","032","AMR",2018,,,,,,,0,,,,,,0,,,,,
"Argentina","AR","ARG","032","AMR",2019,0,,,,,,0,,,,,,0,,,,,
"Armenia","AM","ARM","051","EUR",2015,,,,,,,0,,,,,,,,,,,
"Armenia","AM","ARM","051","EUR",2016,,,,,,,0,,,,,,,,,,,
"Armenia","AM","ARM","051","EUR",2017,,,,,,,0,,,,,,,,0,,,
"Armenia","AM","ARM","051","EUR",2018,,,,,,,0,,,,,,0,,,,,
"Armenia","AM","ARM","051","EUR",2019,60,2579,2432,,,,60,46,46,,,,1,,,,,
"Aruba","AW","ABW","533","AMR",2015,,,,,,,,,,,,,,,,,,
"Aruba","AW","ABW","533","AMR",2016,,,,,,,,,,,,,,,,,,
"Aruba","AW","ABW","533","AMR",2017,,,,,,,0,,,,,,,,0,,,
"Aruba","AW","ABW","533","AMR",2018,,,,,,,,,,,,,,,,,,
"Aruba","AW","ABW","533","AMR",2019,60,3,3,,,,0,,,,,,0,,,,,
"Australia","AU","AUS","036","WPR",2015,,,,,,,0,,,,,,,,,,,
"Australia","AU","AUS","036","WPR",2016,,,,,,,0,,,,,,,,,,,
"Australia","AU","AUS","036","WPR",2017,,,,,,,0,,,,,,,,0,,,
"Australia","AU","AUS","036","WPR",2018,,,,,,,0,,,,,,0,,,,,
"Australia","AU","AUS","036","WPR",2019,60,555,476,,,,60,70,23,,,,0,,,,,
"Austria","AT","AUT","040","EUR",2015,,,,,,,0,,,,,,,,,,,
"Austria","AT","AUT","040","EUR",2016,,,,,,,0,,,,,,,,,,,
"Austria","AT","AUT","040","EUR",2017,,,,,,,,,,,,,,,,,,
"Austria","AT","AUT","040","EUR",2018,,,,,,,,,,,,,,,,,,
"Austria","AT","AUT","040","EUR",2019,,,,,,,,,,,,,,,,,,
"Azerbaijan","AZ","AZE","031","EUR",2015,,,,,,,60,,331,,,,,,,,,
"Azerbaijan","AZ","AZE","031","EUR",2016,,,,,,,60,,230,,,,,,,,,
"Azerbaijan","AZ","AZE","031","EUR",2017,,,,,,,60,,319,,,,,,60,2247,,
"Azerbaijan","AZ","AZE","031","EUR",2018,,,,,,,60,4799,254,,,,0,,,,,
"Azerbaijan","AZ","AZE","031","EUR",2019,60,6641,6641,,,,60,6100,434,,,,194,,,,,
"Bahamas","BS","BHS","044","AMR",2015,,,,,,,60,,10,,,,,,,,,
"Bahamas","BS","BHS","044","AMR",2016,,,,,,,60,,18,,,,,,,,,
"Bahamas","BS","BHS","044","AMR",2017,,,,,,,60,,10,,,,,,60,7,,
"Bahamas","BS","BHS","044","AMR",2018,,,,,,,60,38,1,,,,1,8,,,,
"Bahamas","BS","BHS","044","AMR",2019,60,402,120,,,,60,65,0,,,,1,14,,,,
"Bahrain","BH","BHR","048","EMR",2015,,,,,,,,,,,,,,,,,,
"Bahrain","BH","BHR","048","EMR",2016,,,,,,,60,,17,,,,,,,,,
"Bahrain","BH","BHR","048","EMR",2017,,,,,,,60,,44,,,,,,0,,,
"Bahrain","BH","BHR","048","EMR",2018,,,,,,,60,57,1,,,,0,,,,,
"Bahrain","BH","BHR","048","EMR",2019,60,987,931,,,,60,114,26,,,,0,,,,,
"Bangladesh","BD","BGD","050","SEA",2015,,,,,,,60,,9833,,,,,,,,,
"Bangladesh","BD","BGD","050","SEA",2016,,,,,,,60,,8537,,,,,,,,,
"Bangladesh","BD","BGD","050","SEA",2017,,,,,,,60,,11394,,,,,,2,,,
"Bangladesh","BD","BGD","050","SEA",2018,,,,,,,60,23748,23748,,,,0,,,,,
"Bangladesh","BD","BGD","050","SEA",2019,0,,,,,,60,,29880,,,,1,1629,,,,
"Barbados","BB","BRB","052","AMR",2015,,,,,,,0,,,,,,,,,,,
"Barbados","BB","BRB","052","AMR",2016,,,,,,,0,,,,,,,,,,,
"Barbados","BB","BRB","052","AMR",2017,,,,,,,2,,,,,,,,2,,,
"Barbados","BB","BRB","052","AMR",2018,,,,,,,2,,,,,,2,,,,,
"Barbados","BB","BRB","052","AMR",2019,0,,,,,,0,,,,,,0,,,,,
"Belarus","BY","BLR","112","EUR",2015,,,,,,,60,,438,,,,,,,,,
"Belarus","BY","BLR","112","EUR",2016,,,,,,,60,,1418,,,,,,,,,
"Belarus","BY","BLR","112","EUR",2017,,,,,,,60,,1166,,,,,,0,,,
"Belarus","BY","BLR","112","EUR",2018,,,,,,,0,,,,,,0,,,,,
"Belarus","BY","BLR","112","EUR",2019,60,14142,14142,,,,60,116,85,,,,194,,,,,
"Belgium","BE","BEL","056","EUR",2015,,,,,,,0,,,,,,,,,,,
"Belgium","BE","BEL","056","EUR",2016,,,,,,,0,,,,,,,,,,,
"Belgium","BE","BEL","056","EUR",2017,,,,,,,0,,,,,,,,0,,,
"Belgium","BE","BEL","056","EUR",2018,,,,,,,0,,,,,,0,,,,,
"Belgium","BE","BEL","056","EUR",2019,0,,,,,,0,,,,,,0,,,,,
"Belize","BZ","BLZ","084","AMR",2015,,,,,,,0,,,,,,,,,,,
"Belize","BZ","BLZ","084","AMR",2016,,,,,,,60,,0,,,,,,,,,
"Belize","BZ","BLZ","084","AMR",2017,,,,,,,60,,1,,,,,,60,34,,
"Belize","BZ","BLZ","084","AMR",2018,,,,,,,60,39,6,,,,0,,,,,
"Belize","BZ","BLZ","084","AMR",2019,61,,,0,181,167,61,,,40,11,0,0,,,,,
"Benin","BJ","BEN","204","AFR",2015,,,,,,,60,,1115,,,,,,,,,
"Benin","BJ","BEN","204","AFR",2016,,,,,,,60,,1356,,,,,,,,,
"Benin","BJ","BEN","204","AFR",2017,,,,,,,60,,1425,,,,,,0,,,
"Benin","BJ","BEN","204","AFR",2018,,,,,,,60,1992,1992,,,,0,,,,,
"Benin","BJ","BEN","204","AFR",2019,60,2737,2737,,,,60,2444,2444,,,,0,,,,,
"Bermuda","BM","BMU","060","AMR",2015,,,,,,,0,,,,,,,,,,,
"Bermuda","BM","BMU","060","AMR",2016,,,,,,,60,,0,,,,,,,,,
"Bermuda","BM","BMU","060","AMR",2017,,,,,,,60,,0,,,,,,60,4,,
"Bermuda","BM","BMU","060","AMR",2018,,,,,,,60,0,0,,,,0,,,,,
"Bermuda","BM","BMU","060","AMR",2019,60,0,0,,,,60,0,0,,,,0,,,,,
"Bhutan","BT","BTN","064","SEA",2015,,,,,,,0,,,,,,,,,,,
"Bhutan","BT","BTN","064","SEA",2016,,,,,,,60,,10,,,,,,,,,
"Bhutan","BT","BTN","064","SEA",2017,,,,,,,0,,,,,,,,0,,,
"Bhutan","BT","BTN","064","SEA",2018,,,,,,,60,45,45,,,,1,16,,,,
"Bhutan","BT","BTN","064","SEA",2019,60,735,735,,,,60,49,49,,,,0,,,,,
"Bolivia (Plurinational State of)","BO","BOL","068","AMR",2015,,,,,,,60,,1949,,,,,,,,,
"Bolivia (Plurinational State of)","BO","BOL","068","AMR",2016,,,,,,,60,,1954,,,,,,,,,
"Bolivia (Plurinational State of)","BO","BOL","068","AMR",2017,,,,,,,60,,1793,,,,,,60,54,,
"Bolivia (Plurinational State of)","BO","BOL","068","AMR",2018,,,,,,,60,1902,1902,,,,2,,,,,
"Bolivia (Plurinational State of)","BO","BOL","068","AMR",2019,60,15292,14481,,,,60,1796,1719,,,,194,,,,,
"Bosnia and Herzegovina","BA","BIH","070","EUR",2015,,,,,,,0,,,,,,,,,,,
"Bosnia and Herzegovina","BA","BIH","070","EUR",2016,,,,,,,60,,14,,,,,,,,,
"Bosnia and Herzegovina","BA","BIH","070","EUR",2017,,,,,,,60,,7,,,,,,0,,,
"Bosnia and Herzegovina","BA","BIH","070","EUR",2018,,,,,,,0,,,,,,0,,,,,
"Bosnia and Herzegovina","BA","BIH","070","EUR",2019,0,,,,,,,,,,,,0,,,,,
"Botswana","BW","BWA","072","AFR",2015,,,,,,,0,,,,,,,,,,,
"Botswana","BW","BWA","072","AFR",2016,,,,,,,0,,,,,,,,,,,
"Botswana","BW","BWA","072","AFR",2017,,,,,,,60,,556,,,,,,0,,,
"Botswana","BW","BWA","072","AFR",2018,,,,,,,0,,,,,,0,,,,,
"Botswana","BW","BWA","072","AFR",2019,0,,,,,,60,294,294,,,,194,,,,,
"Brazil","BR","BRA","076","AMR",2015,,,,,,,0,,,,,,,,,,,
"Brazil","BR","BRA","076","AMR",2016,,,,,,,0,,,,,,,,,,,
"Brazil","BR","BRA","076","AMR",2017,,,,,,,0,,,,,,,,0,,,
"Brazil","BR","BRA","076","AMR",2018,,,,,,,0,,,,,,0,,,,,
"Brazil","BR","BRA","076","AMR",2019,60,203832,129380,,,,60,11753,1658,,,,1,579,,,,
"British Virgin Islands","VG","VGB","092","AMR",2015,,,,,,,60,,0,,,,,,,,,
"British Virgin Islands","VG","VGB","092","AMR",2016,,,,,,,0,,,,,,,,,,,
"British Virgin Islands","VG","VGB","092","AMR",2017,,,,,,,,,,,,,,,,,,
"British Virgin Islands","VG","VGB","092","AMR",2018,,,,,,,,,,,,,,,,,,
"British Virgin Islands","VG","VGB","092","AMR",2019,,,,,,,,,,,,,,,,,,
"Brunei Darussalam","BN","BRN","096","WPR",2015,,,,,,,60,,0,,,,,,,,,
"Brunei Darussalam","BN","BRN","096","WPR",2016,,,,,,,0,,,,,,,,,,,
"Brunei Darussalam","BN","BRN","096","WPR",2017,,,,,,,60,,0,,,,,,60,116,,
"Brunei Darussalam","BN","BRN","096","WPR",2018,,,,,,,60,68,0,,,,1,0,,,,
"Brunei Darussalam","BN","BRN","096","WPR",2019,60,1348,1348,,,,60,56,1,,,,194,,,,,
"Bulgaria","BG","BGR","100","EUR",2015,,,,,,,0,,,,,,,,,,,
"Bulgaria","BG","BGR","100","EUR",2016,,,,,,,0,,,,,,,,,,,
"Bulgaria","BG","BGR","100","EUR",2017,,,,,,,0,,,,,,,,,,,
"Bulgaria","BG","BGR","100","EUR",2018,,,,,,,0,,,,,,0,,,,,
"Bulgaria","BG","BGR","100","EUR",2019,0,,,,,,0,,,,,,0,,,,,
"Burkina Faso","BF","BFA","854","AFR",2015,,,,,,,0,,,,,,,,,,,
"Burkina Faso","BF","BFA","854","AFR",2016,,,,,,,60,,754,,,,,,,,,
"Burkina Faso","BF","BFA","854","AFR",2017,,,,,,,60,,732,,,,,,0,,,
"Burkina Faso","BF","BFA","854","AFR",2018,,,,,,,60,927,927,,,,0,,,,,
"Burkina Faso","BF","BFA","854","AFR",2019,0,,,,,,60,626,626,,,,0,,,,,
"Burundi","BI","BDI","108","AFR",2015,,,,,,,60,,605,,,,,,,,,
"Burundi","BI","BDI","108","AFR",2016,,,,,,,60,,1171,,,,,,,,,
"Burundi","BI","BDI","108","AFR",2017,,,,,,,60,,1457,,,,,,0,,,
"Burundi","BI","BDI","108","AFR",2018,,,,,,,60,1048,1048,,,,0,,,,,
"Burundi","BI","BDI","108","AFR",2019,0,,,,,,0,,,,,,194,,,,,
"Cabo Verde","CV","CPV","132","AFR",2015,,,,,,,0,,,,,,,,,,,
"Cabo Verde","CV","CPV","132","AFR",2016,,,,,,,60,,1,,,,,,,,,
"Cabo Verde","CV","CPV","132","AFR",2017,,,,,,,0,,,,,,,,0,,,
"Cabo Verde","CV","CPV","132","AFR",2018,,,,,,,60,7,3,,,,1,2,,,,
"Cabo Verde","CV","CPV","132","AFR",2019,60,145,145,,,,60,54,30,,,,194,,,,,
"Cambodia","KH","KHM","116","WPR",2015,,,,,,,60,,731,,,,,,,,,
"Cambodia","KH","KHM","116","WPR",2016,,,,,,,60,,1877,,,,,,,,,
"Cambodia","KH","KHM","116","WPR",2017,,,,,,,60,,2410,,,,,,0,,,
"Cambodia","KH","KHM","116","WPR",2018,,,,,,,0,,,,,,0,,,,,
"Cambodia","KH","KHM","116","WPR",2019,0,,,,,,60,2088,2088,,,,0,,,,,
"Cameroon","CM","CMR","120","AFR",2015,,,,,,,60,,298,,,,,,,,,
"Cameroon","CM","CMR","120","AFR",2016,,,,,,,0,,,,,,,,,,,
"Cameroon","CM","CMR","120","AFR",2017,,,,,,,60,,89,,,,,,0,,,
"Cameroon","CM","CMR","120","AFR",2018,,,,,,,60,2444,2444,,,,0,,,,,
"Cameroon","CM","CMR","120","AFR",2019,0,,,,,,60,,2933,,,,194,,,,,
"Canada","CA","CAN","124","AMR",2015,,,,,,,0,,,,,,,,,,,
"Canada","CA","CAN","124","AMR",2016,,,,,,,0,,,,,,,,,,,
"Canada","CA","CAN","124","AMR",2017,,,,,,,0,,,,,,,,0,,,
"Canada","CA","CAN","124","AMR",2018,,,,,,,0,,,,,,0,,,,,
"Canada","CA","CAN","124","AMR",2019,,,,,,,,,,,,,,,,,,
"Cayman Islands","KY","CYM","136","AMR",2015,,,,,,,60,,1,,,,,,,,,
"Cayman Islands","KY","CYM","136","AMR",2016,,,,,,,60,,0,,,,,,,,,
"Cayman Islands","KY","CYM","136","AMR",2017,,,,,,,60,,0,,,,,,60,4,,
"Cayman Islands","KY","CYM","136","AMR",2018,,,,,,,60,2,0,,,,1,2,,,,
"Cayman Islands","KY","CYM","136","AMR",2019,,,,,,,,,,,,,,,,,,
"Central African Republic","CF","CAF","140","AFR",2015,,,,,,,0,,,,,,,,,,,
"Central African Republic","CF","CAF","140","AFR",2016,,,,,,,0,,,,,,,,,,,
"Central African Republic","CF","CAF","140","AFR",2017,,,,,,,0,,,,,,,,0,,,
"Central African Republic","CF","CAF","140","AFR",2018,,,,,,,61,,,269,459,459,1,459,,,,
"Central African Republic","CF","CAF","140","AFR",2019,0,,,,,,0,,,,,,0,,,,,
"Chad","TD","TCD","148","AFR",2015,,,,,,,0,,,,,,,,,,,
"Chad","TD","TCD","148","AFR",2016,,,,,,,0,,,,,,,,,,,
"Chad","TD","TCD","148","AFR",2017,,,,,,,0,,,,,,,,0,,,
"Chad","TD","TCD","148","AFR",2018,,,,,,,0,,,,,,0,,,,,
"Chad","TD","TCD","148","AFR",2019,0,,,,,,60,333,308,,,,0,,,,,
"Chile","CL","CHL","152","AMR",2015,,,,,,,0,,,,,,,,,,,
"Chile","CL","CHL","152","AMR",2016,,,,,,,60,,1170,,,,,,,,,
"Chile","CL","CHL","152","AMR",2017,,,,,,,0,,,,,,,,0,,,
"Chile","CL","CHL","152","AMR",2018,,,,,,,60,1279,,,,,1,183,,,,
"Chile","CL","CHL","152","AMR",2019,60,7562,6273,,,,0,,,,,,1,,,,,
"China","CN","CHN","156","WPR",2015,,,,,,,0,,,,,,,,,,,
"China","CN","CHN","156","WPR",2016,,,,,,,0,,,,,,,,,,,
"China","CN","CHN","156","WPR",2017,,,,,,,0,,,,,,,,0,,,
"China","CN","CHN","156","WPR",2018,,,,,,,0,,,,,,0,,,,,
"China","CN","CHN","156","WPR",2019,60,555211,435531,,,,0,,,,,,0,,,,,
"China, Hong Kong SAR","HK","HKG","344","WPR",2015,,,,,,,60,,19,,,,,,,,,
"China, Hong Kong SAR","HK","HKG","344","WPR",2016,,,,,,,60,,11,,,,,,,,,
"China, Hong Kong SAR","HK","HKG","344","WPR",2017,,,,,,,60,,8,,,,,,60,173,,
"China, Hong Kong SAR","HK","HKG","344","WPR",2018,,,,,,,60,248,10,,,,1,91,,,,
"China, Hong Kong SAR","HK","HKG","344","WPR",2019,60,2325,1911,,,,60,365,7,,,,1,124,,,,
"China, Macao SAR","MO","MAC","446","WPR",2015,,,,,,,60,,4,,,,,,,,,
"China, Macao SAR","MO","MAC","446","WPR",2016,,,,,,,60,,2,,,,,,,,,
"China, Macao SAR","MO","MAC","446","WPR",2017,,,,,,,60,,4,,,,,,60,52,,
"China, Macao SAR","MO","MAC","446","WPR",2018,,,,,,,60,40,2,,,,0,,,,,
"China, Macao SAR","MO","MAC","446","WPR",2019,60,771,521,,,,60,50,1,,,,194,,,,,
"Colombia","CO","COL","170","AMR",2015,,,,,,,61,,,4032,,405,,,,,,
"Colombia","CO","COL","170","AMR",2016,,,,,,,0,,,,,,,,,,,
"Colombia","CO","COL","170","AMR",2017,,,,,,,60,,301,,,,,,0,,,
"Colombia","CO","COL","170","AMR",2018,,,,,,,60,3123,461,,,,0,,,,,
"Colombia","CO","COL","170","AMR",2019,60,21130,3575,,,,60,2346,415,,,,0,,,,,
"Comoros","KM","COM","174","AFR",2015,,,,,,,,,,,,,,,,,,
"Comoros","KM","COM","174","AFR",2016,,,,,,,60,,5,,,,,,,,,
"Comoros","KM","COM","174","AFR",2017,,,,,,,60,,20,,,,,,0,,,
"Comoros","KM","COM","174","AFR",2018,,,,,,,60,6,6,,,,0,,,,,
"Comoros","KM","COM","174","AFR",2019,,,,,,,,,,,,,,,,,,
"Congo","CG","COG","178","AFR",2015,,,,,,,0,,,,,,,,,,,
"Congo","CG","COG","178","AFR",2016,,,,,,,0,,,,,,,,,,,
"Congo","CG","COG","178","AFR",2017,,,,,,,60,,98,,,,,,0,,,
"Congo","CG","COG","178","AFR",2018,,,,,,,0,,,,,,0,,,,,
"Congo","CG","COG","178","AFR",2019,0,,,,,,0,,,,,,0,,,,,
"Cook Islands","CK","COK","184","WPR",2015,,,,,,,0,,,,,,,,,,,
"Cook Islands","CK","COK","184","WPR",2016,,,,,,,60,,2,,,,,,,,,
"Cook Islands","CK","COK","184","WPR",2017,,,,,,,60,,2,,,,,,0,,,
"Cook Islands","CK","COK","184","WPR",2018,,,,,,,2,,,,,,1,1,,,,
"Cook Islands","CK","COK","184","WPR",2019,60,28,28,,,,5,,,,,,0,,,,,
"Costa Rica","CR","CRI","188","AMR",2015,,,,,,,60,,73,,,,,,,,,
"Costa Rica","CR","CRI","188","AMR",2016,,,,,,,60,,60,,,,,,,,,
"Costa Rica","CR","CRI","188","AMR",2017,,,,,,,60,,76,,,,,,60,330,,
"Costa Rica","CR","CRI","188","AMR",2018,,,,,,,60,389,169,,,,1,0,,,,
"Costa Rica","CR","CRI","188","AMR",2019,60,1554,78,,,,60,529,113,,,,1,0,,,,
"Côte d'Ivoire","CI","CIV","384","AFR",2015,,,,,,,60,,2708,,,,,,,,,
"Côte d'Ivoire","CI","CIV","384","AFR",2016,,,,,,,60,,3172,,,,,,,,,
"Côte d'Ivoire","CI","CIV","384","AFR",2017,,,,,,,60,,4488,,,,,,0,,,
"Côte d'Ivoire","CI","CIV","384","AFR",2018,,,,,,,60,4603,4603,,,,0,,,,,
"Côte d'Ivoire","CI","CIV","384","AFR",2019,60,14185,14185,,,,60,5928,5928,,,,0,,,,,
"Croatia","HR","HRV","191","EUR",2015,,,,,,,,,,,,,,,,,,
"Croatia","HR","HRV","191","EUR",2016,,,,,,,2,,,,,,,,,,,
"Croatia","HR","HRV","191","EUR",2017,,,,,,,,,,,,,,,,,,
"Croatia","HR","HRV","191","EUR",2018,,,,,,,,,,,,,,,,,,
"Croatia","HR","HRV","191","EUR",2019,,,,,,,,,,,,,,,,,,
"Cuba","CU","CUB","192","AMR",2015,,,,,,,60,,68,,,,,,,,,
"Cuba","CU","CUB","192","AMR",2016,,,,,,,60,,59,,,,,,,,,
"Cuba","CU","CUB","192","AMR",2017,,,,,,,60,,187,,,,,,60,5070,,
"Cuba","CU","CUB","192","AMR",2018,,,,,,,60,3261,108,,,,0,,,,,
"Cuba","CU","CUB","192","AMR",2019,60,9774,9774,,,,60,2568,152,,,,194,,,,,
"Curaçao","CW","CUW","531","AMR",2015,,,,,,,,,,,,,,,,,,
"Curaçao","CW","CUW","531","AMR",2016,,,,,,,60,,1,,,,,,,,,
"Curaçao","CW","CUW","531","AMR",2017,,,,,,,0,,,,,,,,0,,,
"Curaçao","CW","CUW","531","AMR",2018,,,,,,,,,,,,,,,,,,
"Curaçao","CW","CUW","531","AMR",2019,,,,,,,,,,,,,,,,,,
"Cyprus","CY","CYP","196","EUR",2015,,,,,,,,,,,,,,,,,,
"Cyprus","CY","CYP","196","EUR",2016,,,,,,,,,,,,,,,,,,
"Cyprus","CY","CYP","196","EUR",2017,,,,,,,,,,,,,,,,,,
"Cyprus","CY","CYP","196","EUR",2018,,,,,,,,,,,,,,,,,,
"Cyprus","CY","CYP","196","EUR",2019,,,,,,,,,,,,,,,,,,
"Czechia","CZ","CZE","203","EUR",2015,,,,,,,0,,,,,,,,,,,
"Czechia","CZ","CZE","203","EUR",2016,,,,,,,0,,,,,,,,,,,
"Czechia","CZ","CZE","203","EUR",2017,,,,,,,0,,,,,,,,0,,,
"Czechia","CZ","CZE","203","EUR",2018,,,,,,,0,,,,,,2,,,,,
"Czechia","CZ","CZE","203","EUR",2019,0,,,,,,0,,,,,,194,,,,,
"Democratic People's Republic of Korea","KP","PRK","408","SEA",2015,,,,,,,0,,,,,,,,,,,
"Democratic People's Republic of Korea","KP","PRK","408","SEA",2016,,,,,,,60,,11707,,,,,,,,,
"Democratic People's Republic of Korea","KP","PRK","408","SEA",2017,,,,,,,60,,11984,,,,,,2,,,
"Democratic People's Republic of Korea","KP","PRK","408","SEA",2018,,,,,,,60,12690,10522,,,,0,,,,,
"Democratic People's Republic of Korea","KP","PRK","408","SEA",2019,60,123314,14232,,,,60,14090,14090,,,,0,,,,,
"Democratic Republic of the Congo","CD","COD","180","AFR",2015,,,,,,,0,,,,,,,,,,,
"Democratic Republic of the Congo","CD","COD","180","AFR",2016,,,,,,,60,,4725,,,,,,,,,
"Democratic Republic of the Congo","CD","COD","180","AFR",2017,,,,,,,60,,13045,,,,,,0,,,
"Democratic Republic of the Congo","CD","COD","180","AFR",2018,,,,,,,60,21896,21896,,,,0,,,,,
"Democratic Republic of the Congo","CD","COD","180","AFR",2019,60,55297,44366,,,,60,34763,34763,,,,0,,,,,
"Denmark","DK","DNK","208","EUR",2015,,,,,,,,,,,,,,,,,,
"Denmark","DK","DNK","208","EUR",2016,,,,,,,,,,,,,,,,,,
"Denmark","DK","DNK","208","EUR",2017,,,,,,,,,,,,,,,,,,
"Denmark","DK","DNK","208","EUR",2018,,,,,,,,,,,,,,,,,,
"Denmark","DK","DNK","208","EUR",2019,0,,,,,,0,,,,,,0,,,,,
"Djibouti","DJ","DJI","262","EMR",2015,,,,,,,0,,,,,,,,,,,
"Djibouti","DJ","DJI","262","EMR",2016,,,,,,,60,,44,,,,,,,,,
"Djibouti","DJ","DJI","262","EMR",2017,,,,,,,60,,127,,,,,,0,,,
"Djibouti","DJ","DJI","262","EMR",2018,,,,,,,60,78,78,,,,0,,,,,
"Djibouti","DJ","DJI","262","EMR",2019,0,,,,,,60,25,11,,,,0,,,,,
"Dominica","DM","DMA","212","AMR",2015,,,,,,,0,,,,,,,,,,,
"Dominica","DM","DMA","212","AMR",2016,,,,,,,0,,,,,,,,,,,
"Dominica","DM","DMA","212","AMR",2017,,,,,,,0,,,,,,,,0,,,
"Dominica","DM","DMA","212","AMR",2018,,,,,,,60,0,0,,,,0,,,,,
"Dominica","DM","DMA","212","AMR",2019,60,10,3,,,,60,3,0,,,,194,,,,,
"Dominican Republic","DO","DOM","214","AMR",2015,,,,,,,60,,912,,,,,,,,,
"Dominican Republic","DO","DOM","214","AMR",2016,,,,,,,60,,595,,,,,,,,,
"Dominican Republic","DO","DOM","214","AMR",2017,,,,,,,60,,575,,,,,,0,,,
"Dominican Republic","DO","DOM","214","AMR",2018,,,,,,,60,,,,,,0,,,,,
"Dominican Republic","DO","DOM","214","AMR",2019,60,1488,761,,,,60,,72,,,,0,,,,,
"Ecuador","EC","ECU","218","AMR",2015,,,,,,,60,,876,,,,,,,,,
"Ecuador","EC","ECU","218","AMR",2016,,,,,,,60,,740,,,,,,,,,
"Ecuador","EC","ECU","218","AMR",2017,,,,,,,60,,731,,,,,,0,,,
"Ecuador","EC","ECU","218","AMR",2018,,,,,,,60,,756,,,,2,,,,,
"Ecuador","EC","ECU","218","AMR",2019,60,9155,8112,,,,60,605,469,,,,194,,,,,
"Egypt","EG","EGY","818","EMR",2015,,,,,,,60,,349,,,,,,,,,
"Egypt","EG","EGY","818","EMR",2016,,,,,,,60,,467,,,,,,,,,
"Egypt","EG","EGY","818","EMR",2017,,,,,,,60,,473,,,,,,60,101,,
"Egypt","EG","EGY","818","EMR",2018,,,,,,,60,488,435,,,,0,,,,,
"Egypt","EG","EGY","818","EMR",2019,60,9044,7690,,,,60,445,429,,,,0,,,,,
"El Salvador","SV","SLV","222","AMR",2015,,,,,,,0,,,,,,,,,,,
"El Salvador","SV","SLV","222","AMR",2016,,,,,,,60,,76,,,,,,,,,
"El Salvador","SV","SLV","222","AMR",2017,,,,,,,60,,227,,,,,,60,261,,
"El Salvador","SV","SLV","222","AMR",2018,,,,,,,0,,,,,,0,,,,,
"El Salvador","SV","SLV","222","AMR",2019,0,,,,,,0,,,,,,1,0,,,,
"Equatorial Guinea","GQ","GNQ","226","AFR",2015,,,,,,,0,,,,,,,,,,,
"Equatorial Guinea","GQ","GNQ","226","AFR",2016,,,,,,,0,,,,,,,,,,,
"Equatorial Guinea","GQ","GNQ","226","AFR",2017,,,,,,,0,,,,,,,,0,,,
"Equatorial Guinea","GQ","GNQ","226","AFR",2018,,,,,,,0,,,,,,0,,,,,
"Equatorial Guinea","GQ","GNQ","226","AFR",2019,5,,,,,,5,,,,,,194,,,,,
"Eritrea","ER","ERI","232","AFR",2015,,,,,,,60,,111,,,,,,,,,
"Eritrea","ER","ERI","232","AFR",2016,,,,,,,60,,140,,,,,,,,,
"Eritrea","ER","ERI","232","AFR",2017,,,,,,,60,,153,,,,,,0,,,
"Eritrea","ER","ERI","232","AFR",2018,,,,,,,60,132,132,,,,0,,,,,
"Eritrea","ER","ERI","232","AFR",2019,60,1695,90,,,,60,161,161,,,,0,,,,,
"Estonia","EE","EST","233","EUR",2015,,,,,,,0,,,,,,,,,,,
"Estonia","EE","EST","233","EUR",2016,,,,,,,0,,,,,,,,,,,
"Estonia","EE","EST","233","EUR",2017,,,,,,,60,,18,,,,,,0,,,
"Estonia","EE","EST","233","EUR",2018,,,,,,,60,13,13,,,,0,,,,,
"Estonia","EE","EST","233","EUR",2019,0,,,,,,60,16,9,,,,0,,,,,
"Eswatini","SZ","SWZ","748","AFR",2015,,,,,,,0,,,,,,,,,,,
"Eswatini","SZ","SWZ","748","AFR",2016,,,,,,,0,,,,,,,,,,,
"Eswatini","SZ","SWZ","748","AFR",2017,,,,,,,60,,89,,,,,,0,,,
"Eswatini","SZ","SWZ","748","AFR",2018,,,,,,,60,122,122,,,,0,,,,,
"Eswatini","SZ","SWZ","748","AFR",2019,60,,6949,,,,60,307,307,,,,0,,,,,
"Ethiopia","ET","ETH","231","AFR",2015,,,,,,,0,,,,,,,,,,,
"Ethiopia","ET","ETH","231","AFR",2016,,,,,,,0,,,,,,,,,,,
"Ethiopia","ET","ETH","231","AFR",2017,,,,,,,60,,2964,,,,,,0,,,
"Ethiopia","ET","ETH","231","AFR",2018,,,,,,,60,,6433,,,,0,,,,,
"Ethiopia","ET","ETH","231","AFR",2019,60,181109,161236,,,,60,,9732,,,,0,,,,,
"Fiji","FJ","FJI","242","WPR",2015,,,,,,,60,,25,,,,,,,,,
"Fiji","FJ","FJI","242","WPR",2016,,,,,,,60,,30,,,,,,,,,
"Fiji","FJ","FJI","242","WPR",2017,,,,,,,60,,37,,,,,,60,49,,
"Fiji","FJ","FJI","242","WPR",2018,,,,,,,60,319,56,,,,1,70,,,,
"Fiji","FJ","FJI","242","WPR",2019,60,810,646,,,,60,225,84,,,,1,175,,,,
"Finland","FI","FIN","246","EUR",2015,,,,,,,0,,,,,,,,,,,
"Finland","FI","FIN","246","EUR",2016,,,,,,,0,,,,,,,,,,,
"Finland","FI","FIN","246","EUR",2017,,,,,,,0,,,,,,,,0,,,
"Finland","FI","FIN","246","EUR",2018,,,,,,,0,,,,,,0,,,,,
"Finland","FI","FIN","246","EUR",2019,0,,,,,,0,,,,,,0,,,,,
"France","FR","FRA","250","EUR",2015,,,,,,,0,,,,,,,,,,,
"France","FR","FRA","250","EUR",2016,,,,,,,0,,,,,,,,,,,
"France","FR","FRA","250","EUR",2017,,,,,,,0,,,,,,,,,,,
"France","FR","FRA","250","EUR",2018,,,,,,,0,,,,,,,,,,,
"France","FR","FRA","250","EUR",2019,,,,,,,,,,,,,,,,,,
"French Polynesia","PF","PYF","258","WPR",2015,,,,,,,60,,13,,,,,,,,,
"French Polynesia","PF","PYF","258","WPR",2016,,,,,,,,,,,,,,,,,,
"French Polynesia","PF","PYF","258","WPR",2017,,,,,,,60,,111,,,,,,0,,,
"French Polynesia","PF","PYF","258","WPR",2018,,,,,,,60,62,18,,,,1,62,,,,
"French Polynesia","PF","PYF","258","WPR",2019,,,,,,,,,,,,,,,,,,
"Gabon","GA","GAB","266","AFR",2015,,,,,,,0,,,,,,,,,,,
"Gabon","GA","GAB","266","AFR",2016,,,,,,,0,,,,,,,,,,,
"Gabon","GA","GAB","266","AFR",2017,,,,,,,0,,,,,,,,0,,,
"Gabon","GA","GAB","266","AFR",2018,,,,,,,0,,,,,,0,,,,,
"Gabon","GA","GAB","266","AFR",2019,0,,,,,,0,,,,,,1,68,,,,
"Gambia","GM","GMB","270","AFR",2015,,,,,,,0,,,,,,,,,,,
"Gambia","GM","GMB","270","AFR",2016,,,,,,,0,,,,,,,,,,,
"Gambia","GM","GMB","270","AFR",2017,,,,,,,0,,,,,,,,0,,,
"Gambia","GM","GMB","270","AFR",2018,,,,,,,0,,,,,,0,,,,,
"Gambia","GM","GMB","270","AFR",2019,0,,,,,,0,,,,,,0,,,,,
"Georgia","GE","GEO","268","EUR",2015,,,,,,,60,,136,,,,,,,,,
"Georgia","GE","GEO","268","EUR",2016,,,,,,,60,,135,,,,,,,,,
"Georgia","GE","GEO","268","EUR",2017,,,,,,,60,,83,,,,,,60,1,,
"Georgia","GE","GEO","268","EUR",2018,,,,,,,60,111,110,,,,2,,,,,
"Georgia","GE","GEO","268","EUR",2019,60,,5369,,,,60,69,67,,,,1,0,,,,
"Germany","DE","DEU","276","EUR",2015,,,,,,,0,,,,,,,,,,,
"Germany","DE","DEU","276","EUR",2016,,,,,,,0,,,,,,,,,,,
"Germany","DE","DEU","276","EUR",2017,,,,,,,0,,,,,,,,0,,,
"Germany","DE","DEU","276","EUR",2018,,,,,,,0,,,,,,0,,,,,
"Germany","DE","DEU","276","EUR",2019,0,,,,,,0,,,,,,0,,,,,
"Ghana","GH","GHA","288","AFR",2015,,,,,,,0,,,,,,,,,,,
"Ghana","GH","GHA","288","AFR",2016,,,,,,,0,,,,,,,,,,,
"Ghana","GH","GHA","288","AFR",2017,,,,,,,0,,,,,,,,0,,,
"Ghana","GH","GHA","288","AFR",2018,,,,,,,0,,,,,,0,,,,,
"Ghana","GH","GHA","288","AFR",2019,60,34094,3185,,,,60,18,18,,,,194,,,,,
"Greece","GR","GRC","300","EUR",2015,,,,,,,,,,,,,,,,,,
"Greece","GR","GRC","300","EUR",2016,,,,,,,,,,,,,,,,,,
"Greece","GR","GRC","300","EUR",2017,,,,,,,,,,,,,,,,,,
"Greece","GR","GRC","300","EUR",2018,,,,,,,0,,,,,,0,,,,,
"Greece","GR","GRC","300","EUR",2019,0,,,,,,0,,,,,,0,,,,,
"Greenland","GL","GRL","304","EUR",2015,,,,,,,0,,,,,,,,,,,
"Greenland","GL","GRL","304","EUR",2016,,,,,,,60,,3,,,,,,,,,
"Greenland","GL","GRL","304","EUR",2017,,,,,,,60,,0,,,,,,0,,,
"Greenland","GL","GRL","304","EUR",2018,,,,,,,0,,,,,,0,,,,,
"Greenland","GL","GRL","304","EUR",2019,0,,,,,,60,56,12,,,,1,56,,,,
"Grenada","GD","GRD","308","AMR",2015,,,,,,,0,,,,,,,,,,,
"Grenada","GD","GRD","308","AMR",2016,,,,,,,0,,,,,,,,,,,
"Grenada","GD","GRD","308","AMR",2017,,,,,,,60,,0,,,,,,60,1,,
"Grenada","GD","GRD","308","AMR",2018,,,,,,,60,1,0,,,,0,,,,,
"Grenada","GD","GRD","308","AMR",2019,0,,,,,,0,,,,,,194,,,,,
"Guam","GU","GUM","316","WPR",2015,,,,,,,60,,20,,,,,,,,,
"Guam","GU","GUM","316","WPR",2016,,,,,,,60,,13,,,,,,,,,
"Guam","GU","GUM","316","WPR",2017,,,,,,,60,,6,,,,,,60,63,,
"Guam","GU","GUM","316","WPR",2018,,,,,,,60,36,6,,,,1,208,,,,
"Guam","GU","GUM","316","WPR",2019,60,247,75,,,,60,82,2,,,,1,30,,,,
"Guatemala","GT","GTM","320","AMR",2015,,,,,,,60,,704,,,,,,,,,
"Guatemala","GT","GTM","320","AMR",2016,,,,,,,60,,716,,,,,,,,,
"Guatemala","GT","GTM","320","AMR",2017,,,,,,,60,,884,,,,,,0,,,
"Guatemala","GT","GTM","320","AMR",2018,,,,,,,60,1099,996,,,,0,,,,,
"Guatemala","GT","GTM","320","AMR",2019,60,7437,,,,,60,1055,971,,,,194,,,,,
"Guinea","GN","GIN","324","AFR",2015,,,,,,,0,,,,,,,,,,,
"Guinea","GN","GIN","324","AFR",2016,,,,,,,60,,2546,,,,,,,,,
"Guinea","GN","GIN","324","AFR",2017,,,,,,,60,,5209,,,,,,0,,,
"Guinea","GN","GIN","324","AFR",2018,,,,,,,60,5855,604,,,,0,,,,,
"Guinea","GN","GIN","324","AFR",2019,60,9229,7990,,,,60,7985,7112,,,,1,444,,,,
"Guinea-Bissau","GW","GNB","624","AFR",2015,,,,,,,0,,,,,,,,,,,
"Guinea-Bissau","GW","GNB","624","AFR",2016,,,,,,,60,,94,,,,,,,,,
"Guinea-Bissau","GW","GNB","624","AFR",2017,,,,,,,60,,394,,,,,,0,,,
"Guinea-Bissau","GW","GNB","624","AFR",2018,,,,,,,60,,233,,,,0,,,,,
"Guinea-Bissau","GW","GNB","624","AFR",2019,60,433,433,,,,60,364,364,,,,0,,,,,
"Guyana","GY","GUY","328","AMR",2015,,,,,,,60,,7,,,,,,,,,
"Guyana","GY","GUY","328","AMR",2016,,,,,,,60,,3,,,,,,,,,
"Guyana","GY","GUY","328","AMR",2017,,,,,,,60,,8,,,,,,60,69,,
"Guyana","GY","GUY","328","AMR",2018,,,,,,,60,89,7,,,,0,,,,,
"Guyana","GY","GUY","328","AMR",2019,60,789,498,,,,60,165,3,,,,194,,,,,
"Haiti","HT","HTI","332","AMR",2015,,,,,,,0,,,,,,,,,,,
"Haiti","HT","HTI","332","AMR",2016,,,,,,,60,,86,,,,,,,,,
"Haiti","HT","HTI","332","AMR",2017,,,,,,,60,,1024,,,,,,0,,,
"Haiti","HT","HTI","332","AMR",2018,,,,,,,60,1399,1399,,,,0,,,,,
"Haiti","HT","HTI","332","AMR",2019,60,18309,16551,,,,60,2148,1758,,,,0,,,,,
"Honduras","HN","HND","340","AMR",2015,,,,,,,60,,2305,,,,,,,,,
"Honduras","HN","HND","340","AMR",2016,,,,,,,60,,2377,,,,,,,,,
"Honduras","HN","HND","340","AMR",2017,,,,,,,60,,1241,,,,,,60,2095,,
"Honduras","HN","HND","340","AMR",2018,,,,,,,60,1123,352,,,,0,,,,,
"Honduras","HN","HND","340","AMR",2019,60,9542,5027,,,,60,2023,780,,,,0,,,,,
"Hungary","HU","HUN","348","EUR",2015,,,,,,,,,,,,,,,,,,
"Hungary","HU","HUN","348","EUR",2016,,,,,,,,,,,,,,,,,,
"Hungary","HU","HUN","348","EUR",2017,,,,,,,,,,,,,,,,,,
"Hungary","HU","HUN","348","EUR",2018,,,,,,,60,56,8,,,,1,0,,,,
"Hungary","HU","HUN","348","EUR",2019,0,,,,,,60,,,,,,1,43,,,,
"Iceland","IS","ISL","352","EUR",2015,,,,,,,,,,,,,,,,,,
"Iceland","IS","ISL","352","EUR",2016,,,,,,,,,,,,,,,,,,
"Iceland","IS","ISL","352","EUR",2017,,,,,,,,,,,,,,,,,,
"Iceland","IS","ISL","352","EUR",2018,,,,,,,,,,,,,,,,,,
"Iceland","IS","ISL","352","EUR",2019,,,,,,,,,,,,,,,,,,
"India","IN","IND","356","SEA",2015,,,,,,,0,,,,,,,,,,,
"India","IN","IND","356","SEA",2016,,,,,,,60,,6637,,,,,,,,,
"India","IN","IND","356","SEA",2017,,,,,,,60,,38745,,,,,,0,,,
"India","IN","IND","356","SEA",2018,,,,,,,60,83109,83109,,,,0,,,,,
"India","IN","IND","356","SEA",2019,60,4957156,3928434,,,,60,109816,109816,,,,194,,,,,
"Indonesia","ID","IDN","360","SEA",2015,,,,,,,0,,,,,,,,,,,
"Indonesia","ID","IDN","360","SEA",2016,,,,,,,60,,948,,,,,,,,,
"Indonesia","ID","IDN","360","SEA",2017,,,,,,,60,,6080,,,,,,0,,,
"Indonesia","ID","IDN","360","SEA",2018,,,,,,,60,8075,8075,,,,0,,,,,
"Indonesia","ID","IDN","360","SEA",2019,60,2694493,79432,,,,60,7641,7641,,,,194,,,,,
"Iran (Islamic Republic of)","IR","IRN","364","EMR",2015,,,,,,,60,,2817,,,,,,,,,
"Iran (Islamic Republic of)","IR","IRN","364","EMR",2016,,,,,,,60,,2499,,,,,,,,,
"Iran (Islamic Republic of)","IR","IRN","364","EMR",2017,,,,,,,60,,2442,,,,,,60,2648,,
"Iran (Islamic Republic of)","IR","IRN","364","EMR",2018,,,,,,,60,2797,2466,,,,0,,,,,
"Iran (Islamic Republic of)","IR","IRN","364","EMR",2019,60,22724,21238,,,,60,2655,2266,,,,0,,,,,
"Iraq","IQ","IRQ","368","EMR",2015,,,,,,,60,,3256,,,,,,,,,
"Iraq","IQ","IRQ","368","EMR",2016,,,,,,,60,,5104,,,,,,,,,
"Iraq","IQ","IRQ","368","EMR",2017,,,,,,,60,,2720,,,,,,0,,,
"Iraq","IQ","IRQ","368","EMR",2018,,,,,,,60,,2117,,,,0,,,,,
"Iraq","IQ","IRQ","368","EMR",2019,60,13036,7569,,,,60,2711,2458,,,,194,,,,,
"Ireland","IE","IRL","372","EUR",2015,,,,,,,0,,,,,,,,,,,
"Ireland","IE","IRL","372","EUR",2016,,,,,,,0,,,,,,,,,,,
"Ireland","IE","IRL","372","EUR",2017,,,,,,,0,,,,,,,,0,,,
"Ireland","IE","IRL","372","EUR",2018,,,,,,,0,,,,,,0,,,,,
"Ireland","IE","IRL","372","EUR",2019,0,,,,,,0,,,,,,0,,,,,
"Israel","IL","ISR","376","EUR",2015,,,,,,,0,,,,,,,,,,,
"Israel","IL","ISR","376","EUR",2016,,,,,,,0,,,,,,,,,,,
"Israel","IL","ISR","376","EUR",2017,,,,,,,0,,,,,,,,2,,,
"Israel","IL","ISR","376","EUR",2018,,,,,,,0,,,,,,0,,,,,
"Israel","IL","ISR","376","EUR",2019,0,,,,,,0,,,,,,0,,,,,
"Italy","IT","ITA","380","EUR",2015,,,,,,,,,,,,,,,,,,
"Italy","IT","ITA","380","EUR",2016,,,,,,,,,,,,,,,,,,
"Italy","IT","ITA","380","EUR",2017,,,,,,,,,,,,,,,,,,
"Italy","IT","ITA","380","EUR",2018,,,,,,,,,,,,,,,,,,
"Italy","IT","ITA","380","EUR",2019,,,,,,,,,,,,,,,,,,
"Jamaica","JM","JAM","388","AMR",2015,,,,,,,60,,2,,,,,,,,,
"Jamaica","JM","JAM","388","AMR",2016,,,,,,,0,,,,,,,,,,,
"Jamaica","JM","JAM","388","AMR",2017,,,,,,,60,,1,,,,,,60,1,,
"Jamaica","JM","JAM","388","AMR",2018,,,,,,,0,,,,,,0,,,,,
"Jamaica","JM","JAM","388","AMR",2019,60,57,57,,,,0,,,,,,194,,,,,
"Japan","JP","JPN","392","WPR",2015,,,,,,,60,,176,,,,,,,,,
"Japan","JP","JPN","392","WPR",2016,,,,,,,60,,157,,,,,,,,,
"Japan","JP","JPN","392","WPR",2017,,,,,,,60,,153,,,,,,60,1153,,
"Japan","JP","JPN","392","WPR",2018,,,,,,,60,1210,151,,,,0,,,,,
"Japan","JP","JPN","392","WPR",2019,60,,,,,,60,,,,,,194,,,,,
"Jordan","JO","JOR","400","EMR",2015,,,,,,,60,,205,,,,,,,,,
"Jordan","JO","JOR","400","EMR",2016,,,,,,,60,,,,,,,,,,,
"Jordan","JO","JOR","400","EMR",2017,,,,,,,60,,37,,,,,,60,185,,
"Jordan","JO","JOR","400","EMR",2018,,,,,,,60,254,38,,,,1,2,,,,
"Jordan","JO","JOR","400","EMR",2019,60,274,274,,,,60,303,22,,,,0,,,,,
"Kazakhstan","KZ","KAZ","398","EUR",2015,,,,,,,60,,492,,,,,,,,,
"Kazakhstan","KZ","KAZ","398","EUR",2016,,,,,,,60,,430,,,,,,,,,
"Kazakhstan","KZ","KAZ","398","EUR",2017,,,,,,,60,,334,,,,,,60,375,,
"Kazakhstan","KZ","KAZ","398","EUR",2018,,,,,,,60,1420,700,,,,0,,,,,
"Kazakhstan","KZ","KAZ","398","EUR",2019,60,32329,32329,,,,60,780,528,,,,194,,,,,
"Kenya","KE","KEN","404","AFR",2015,,,,,,,60,,1256,,,,,,,,,
"Kenya","KE","KEN","404","AFR",2016,,,,,,,60,,3365,,,,,,,,,
"Kenya","KE","KEN","404","AFR",2017,,,,,,,60,,6521,,,,,,0,,,
"Kenya","KE","KEN","404","AFR",2018,,,,,,,60,7645,7007,,,,0,,,,,
"Kenya","KE","KEN","404","AFR",2019,60,8696,8696,,,,60,8326,7713,,,,0,,,,,
"Kiribati","KI","KIR","296","WPR",2015,,,,,,,60,,121,,,,,,,,,
"Kiribati","KI","KIR","296","WPR",2016,,,,,,,60,,117,,,,,,,,,
"Kiribati","KI","KIR","296","WPR",2017,,,,,,,60,,117,,,,,,60,20,,
"Kiribati","KI","KIR","296","WPR",2018,,,,,,,60,108,97,,,,0,,,,,
"Kiribati","KI","KIR","296","WPR",2019,60,691,8,,,,60,91,81,,,,0,,,,,
"Kuwait","KW","KWT","414","EMR",2015,,,,,,,60,,89,,,,,,,,,
"Kuwait","KW","KWT","414","EMR",2016,,,,,,,60,,65,,,,,,,,,
"Kuwait","KW","KWT","414","EMR",2017,,,,,,,60,,115,,,,,,60,1166,,
"Kuwait","KW","KWT","414","EMR",2018,,,,,,,60,906,85,,,,2,,,,,
"Kuwait","KW","KWT","414","EMR",2019,60,1585,1585,,,,60,1581,59,,,,194,,,,,
"Kyrgyzstan","KG","KGZ","417","EUR",2015,,,,,,,60,,737,,,,,,,,,
"Kyrgyzstan","KG","KGZ","417","EUR",2016,,,,,,,60,,1164,,,,,,,,,
"Kyrgyzstan","KG","KGZ","417","EUR",2017,,,,,,,60,,500,,,,,,60,295,,
"Kyrgyzstan","KG","KGZ","417","EUR",2018,,,,,,,60,574,342,,,,0,,,,,
"Kyrgyzstan","KG","KGZ","417","EUR",2019,60,9888,9888,,,,60,479,263,,,,194,,,,,
"Lao People's Democratic Republic","LA","LAO","418","WPR",2015,,,,,,,60,,844,,,,,,,,,
"Lao People's Democratic Republic","LA","LAO","418","WPR",2016,,,,,,,60,,606,,,,,,,,,
"Lao People's Democratic Republic","LA","LAO","418","WPR",2017,,,,,,,60,,585,,,,,,0,,,
"Lao People's Democratic Republic","LA","LAO","418","WPR",2018,,,,,,,60,363,363,,,,0,,,,,
"Lao People's Democratic Republic","LA","LAO","418","WPR",2019,0,,,,,,60,262,262,,,,0,,,,,
"Latvia","LV","LVA","428","EUR",2015,,,,,,,60,,6,,,,,,,,,
"Latvia","LV","LVA","428","EUR",2016,,,,,,,60,,8,,,,,,,,,
"Latvia","LV","LVA","428","EUR",2017,,,,,,,60,,2,,,,,,60,7,,
"Latvia","LV","LVA","428","EUR",2018,,,,,,,0,,,,,,0,,,,,
"Latvia","LV","LVA","428","EUR",2019,0,,,,,,0,,,,,,0,,,,,
"Lebanon","LB","LBN","422","EMR",2015,,,,,,,60,,34,,,,,,,,,
"Lebanon","LB","LBN","422","EMR",2016,,,,,,,60,,19,,,,,,,,,
"Lebanon","LB","LBN","422","EMR",2017,,,,,,,60,,81,,,,,,60,267,,
"Lebanon","LB","LBN","422","EMR",2018,,,,,,,60,446,115,,,,0,,,,,
"Lebanon","LB","LBN","422","EMR",2019,60,1657,1440,,,,60,437,132,,,,194,,,,,
"Lesotho","LS","LSO","426","AFR",2015,,,,,,,0,,,,,,,,,,,
"Lesotho","LS","LSO","426","AFR",2016,,,,,,,0,,,,,,,,,,,
"Lesotho","LS","LSO","426","AFR",2017,,,,,,,0,,,,,,,,0,,,
"Lesotho","LS","LSO","426","AFR",2018,,,,,,,60,767,767,,,,0,,,,,
"Lesotho","LS","LSO","426","AFR",2019,60,19520,13317,,,,60,1193,1193,,,,1,1973,,,,
"Liberia","LR","LBR","430","AFR",2015,,,,,,,0,,,,,,,,,,,
"Liberia","LR","LBR","430","AFR",2016,,,,,,,60,,92,,,,,,,,,
"Liberia","LR","LBR","430","AFR",2017,,,,,,,60,,133,,,,,,0,,,
"Liberia","LR","LBR","430","AFR",2018,,,,,,,60,42,42,,,,0,,,,,
"Liberia","LR","LBR","430","AFR",2019,0,,,,,,0,,,,,,0,,,,,
"Libya","LY","LBY","434","EMR",2015,,,,,,,,,,,,,,,,,,
"Libya","LY","LBY","434","EMR",2016,,,,,,,,,,,,,,,,,,
"Libya","LY","LBY","434","EMR",2017,,,,,,,,,,,,,,,,,,
"Libya","LY","LBY","434","EMR",2018,,,,,,,,,,,,,,,,,,
"Libya","LY","LBY","434","EMR",2019,,370,,370,43,31,60,43,8,,,,1,,,,,
"Lithuania","LT","LTU","440","EUR",2015,,,,,,,60,,28,,,,,,,,,
"Lithuania","LT","LTU","440","EUR",2016,,,,,,,0,,,,,,,,,,,
"Lithuania","LT","LTU","440","EUR",2017,,,,,,,0,,,,,,,,0,,,
"Lithuania","LT","LTU","440","EUR",2018,,,,,,,0,,,,,,0,,,,,
"Lithuania","LT","LTU","440","EUR",2019,0,,,,,,0,,,,,,0,,,,,
"Luxembourg","LU","LUX","442","EUR",2015,,,,,,,,,,,,,,,,,,
"Luxembourg","LU","LUX","442","EUR",2016,,,,,,,60,,,,,,,,,,,
"Luxembourg","LU","LUX","442","EUR",2017,,,,,,,60,,0,,,,,,0,,,
"Luxembourg","LU","LUX","442","EUR",2018,,,,,,,0,,,,,,0,,,,,
"Luxembourg","LU","LUX","442","EUR",2019,0,,,,,,0,,,,,,0,,,,,
"Madagascar","MG","MDG","450","AFR",2015,,,,,,,60,,3358,,,,,,,,,
"Madagascar","MG","MDG","450","AFR",2016,,,,,,,60,,3630,,,,,,,,,
"Madagascar","MG","MDG","450","AFR",2017,,,,,,,60,,3015,,,,,,0,,,
"Madagascar","MG","MDG","450","AFR",2018,,,,,,,60,5163,5163,,,,0,,,,,
"Madagascar","MG","MDG","450","AFR",2019,60,7323,7323,,,,60,5884,5884,,,,0,,,,,
"Malawi","MW","MWI","454","AFR",2015,,,,,,,60,,1947,,,,,,,,,
"Malawi","MW","MWI","454","AFR",2016,,,,,,,60,,2351,,,,,,,,,
"Malawi","MW","MWI","454","AFR",2017,,,,,,,60,,3068,,,,,,0,,,
"Malawi","MW","MWI","454","AFR",2018,,,,,,,60,2641,2641,,,,2,,,,,
"Malawi","MW","MWI","454","AFR",2019,60,23666,21033,,,,60,2551,2551,,,,194,,,,,
"Malaysia","MY","MYS","458","WPR",2015,,,,,,,0,,,,,,,,,,,
"Malaysia","MY","MYS","458","WPR",2016,,,,,,,60,,290,,,,,,,,,
"Malaysia","MY","MYS","458","WPR",2017,,,,,,,60,,1616,,,,,,60,909,,
"Malaysia","MY","MYS","458","WPR",2018,,,,,,,60,1706,1268,,,,0,,,,,
"Malaysia","MY","MYS","458","WPR",2019,60,40617,27102,,,,60,2446,1851,,,,0,,,,,
"Maldives","MV","MDV","462","SEA",2015,,,,,,,60,,17,,,,,,,,,
"Maldives","MV","MDV","462","SEA",2016,,,,,,,60,,14,,,,,,,,,
"Maldives","MV","MDV","462","SEA",2017,,,,,,,60,,0,,,,,,60,4,,
"Maldives","MV","MDV","462","SEA",2018,,,,,,,60,15,9,,,,0,,,,,
"Maldives","MV","MDV","462","SEA",2019,60,431,303,,,,60,11,7,,,,0,,,,,
"Mali","ML","MLI","466","AFR",2015,,,,,,,60,,222,,,,,,,,,
"Mali","ML","MLI","466","AFR",2016,,,,,,,60,,390,,,,,,,,,
"Mali","ML","MLI","466","AFR",2017,,,,,,,60,,157,,,,,,0,,,
"Mali","ML","MLI","466","AFR",2018,,,,,,,60,556,167,,,,0,,,,,
"Mali","ML","MLI","466","AFR",2019,60,,351,,,,60,329,139,,,,0,,,,,
"Malta","MT","MLT","470","EUR",2015,,,,,,,0,,,,,,,,,,,
"Malta","MT","MLT","470","EUR",2016,,,,,,,0,,,,,,,,,,,
"Malta","MT","MLT","470","EUR",2017,,,,,,,0,,,,,,,,0,,,
"Malta","MT","MLT","470","EUR",2018,,,,,,,0,,,,,,0,,,,,
"Malta","MT","MLT","470","EUR",2019,0,,,,,,0,,,,,,0,,,,,
"Marshall Islands","MH","MHL","584","WPR",2015,,,,,,,60,,19,,,,,,,,,
"Marshall Islands","MH","MHL","584","WPR",2016,,,,,,,0,,,,,,,,,,,
"Marshall Islands","MH","MHL","584","WPR",2017,,,,,,,60,,17,,,,,,60,4,,
"Marshall Islands","MH","MHL","584","WPR",2018,,,,,,,60,59,10,,,,1,4956,,,,
"Marshall Islands","MH","MHL","584","WPR",2019,60,527,466,,,,60,114,19,,,,1,518,,,,
"Mauritania","MR","MRT","478","AFR",2015,,,,,,,0,,,,,,,,,,,
"Mauritania","MR","MRT","478","AFR",2016,,,,,,,0,,,,,,,,,,,
"Mauritania","MR","MRT","478","AFR",2017,,,,,,,0,,,,,,,,0,,,
"Mauritania","MR","MRT","478","AFR",2018,,,,,,,0,,,,,,0,,,,,
"Mauritania","MR","MRT","478","AFR",2019,0,,,,,,0,,,,,,0,,,,,
"Mauritius","MU","MUS","480","AFR",2015,,,,,,,60,,17,,,,,,,,,
"Mauritius","MU","MUS","480","AFR",2016,,,,,,,60,,16,,,,,,,,,
"Mauritius","MU","MUS","480","AFR",2017,,,,,,,60,,16,,,,,,60,153,,
"Mauritius","MU","MUS","480","AFR",2018,,,,,,,60,281,5,,,,2,0,,,,
"Mauritius","MU","MUS","480","AFR",2019,61,,,111,1531,1531,61,,,111,235,16,0,,,,,
"Mexico","MX","MEX","484","AMR",2015,,,,,,,60,,3531,,,,,,,,,
"Mexico","MX","MEX","484","AMR",2016,,,,,,,60,,2913,,,,,,,,,
"Mexico","MX","MEX","484","AMR",2017,,,,,,,60,,2578,,,,,,60,781,,
"Mexico","MX","MEX","484","AMR",2018,,,,,,,60,3046,2292,,,,0,,,,,
"Mexico","MX","MEX","484","AMR",2019,60,42339,34145,,,,60,2294,1435,,,,0,,,,,
"Micronesia (Federated States of)","FM","FSM","583","WPR",2015,,,,,,,0,,,,,,,,,,,
"Micronesia (Federated States of)","FM","FSM","583","WPR",2016,,,,,,,0,,,,,,,,,,,
"Micronesia (Federated States of)","FM","FSM","583","WPR",2017,,,,,,,0,,,,,,,,0,,,
"Micronesia (Federated States of)","FM","FSM","583","WPR",2018,,,,,,,0,,,,,,0,,,,,
"Micronesia (Federated States of)","FM","FSM","583","WPR",2019,60,394,342,,,,60,52,0,,,,0,,,,,
"Monaco","MC","MCO","492","EUR",2015,,,,,,,60,,0,,,,,,,,,
"Monaco","MC","MCO","492","EUR",2016,,,,,,,,,,,,,,,,,,
"Monaco","MC","MCO","492","EUR",2017,,,,,,,,,,,,,,,,,,
"Monaco","MC","MCO","492","EUR",2018,,,,,,,,,,,,,,,,,,
"Monaco","MC","MCO","492","EUR",2019,,,,,,,,,,,,,,,,,,
"Mongolia","MN","MNG","496","WPR",2015,,,,,,,60,,128,,,,,,,,,
"Mongolia","MN","MNG","496","WPR",2016,,,,,,,60,,105,,,,,,,,,
"Mongolia","MN","MNG","496","WPR",2017,,,,,,,60,,120,,,,,,60,48,,
"Mongolia","MN","MNG","496","WPR",2018,,,,,,,60,99,61,,,,0,,,,,
"Mongolia","MN","MNG","496","WPR",2019,60,5442,4664,,,,60,323,84,,,,194,,,,,
"Montenegro","ME","MNE","499","EUR",2015,,,,,,,0,,,,,,,,,,,
"Montenegro","ME","MNE","499","EUR",2016,,,,,,,0,,,,,,,,,,,
"Montenegro","ME","MNE","499","EUR",2017,,,,,,,0,,,,,,,,0,,,
"Montenegro","ME","MNE","499","EUR",2018,,,,,,,0,,,,,,0,,,,,
"Montenegro","ME","MNE","499","EUR",2019,0,,,,,,0,,,,,,194,,,,,
"Montserrat","MS","MSR","500","AMR",2015,,,,,,,0,,,,,,,,,,,
"Montserrat","MS","MSR","500","AMR",2016,,,,,,,2,,,,,,,,,,,
"Montserrat","MS","MSR","500","AMR",2017,,,,,,,,,,,,,,,,,,
"Montserrat","MS","MSR","500","AMR",2018,,,,,,,2,,,,,,2,,,,,
"Montserrat","MS","MSR","500","AMR",2019,5,,,,,,5,,,,,,0,,,,,
"Morocco","MA","MAR","504","EMR",2015,,,,,,,0,,,,,,,,,,,
"Morocco","MA","MAR","504","EMR",2016,,,,,,,60,,67,,,,,,,,,
"Morocco","MA","MAR","504","EMR",2017,,,,,,,60,,142,,,,,,60,205,,
"Morocco","MA","MAR","504","EMR",2018,,,,,,,60,662,152,,,,1,71,,,,
"Morocco","MA","MAR","504","EMR",2019,60,27108,19505,,,,60,638,389,,,,1,48,,,,
"Mozambique","MZ","MOZ","508","AFR",2015,,,,,,,0,,,,,,,,,,,
"Mozambique","MZ","MOZ","508","AFR",2016,,,,,,,60,,19634,,,,,,,,,
"Mozambique","MZ","MOZ","508","AFR",2017,,,,,,,60,,26087,,,,,,0,,,
"Mozambique","MZ","MOZ","508","AFR",2018,,,,,,,60,27751,27751,,,,0,,,,,
"Mozambique","MZ","MOZ","508","AFR",2019,60,189321,,,,,60,30766,30766,,,,0,,,,,
"Myanmar","MM","MMR","104","SEA",2015,,,,,,,60,,553,,,,,,,,,
"Myanmar","MM","MMR","104","SEA",2016,,,,,,,60,,317,,,,,,,,,
"Myanmar","MM","MMR","104","SEA",2017,,,,,,,60,,337,,,,,,60,0,,
"Myanmar","MM","MMR","104","SEA",2018,,,,,,,60,,534,,,,0,,,,,
"Myanmar","MM","MMR","104","SEA",2019,60,,,,,,60,1226,1226,,,,0,,,,,
"Namibia","NA","NAM","516","AFR",2015,,,,,,,0,,,,,,,,,,,
"Namibia","NA","NAM","516","AFR",2016,,,,,,,60,,810,,,,,,,,,
"Namibia","NA","NAM","516","AFR",2017,,,,,,,60,,1069,,,,,,0,,,
"Namibia","NA","NAM","516","AFR",2018,,,,,,,60,1469,1179,,,,1,0,,,,
"Namibia","NA","NAM","516","AFR",2019,60,22688,19568,,,,60,1892,1547,,,,194,,,,,
"Nauru","NR","NRU","520","WPR",2015,,,,,,,0,,,,,,,,,,,
"Nauru","NR","NRU","520","WPR",2016,,,,,,,60,,0,,,,,,,,,
"Nauru","NR","NRU","520","WPR",2017,,,,,,,60,,1,,,,,,60,1,,
"Nauru","NR","NRU","520","WPR",2018,,,,,,,0,,,,,,0,0,,,,
"Nauru","NR","NRU","520","WPR",2019,0,,,,,,0,,,,,,0,,,,,
"Nepal","NP","NPL","524","SEA",2015,,,,,,,0,,,,,,,,,,,
"Nepal","NP","NPL","524","SEA",2016,,,,,,,0,,,,,,,,,,,
"Nepal","NP","NPL","524","SEA",2017,,,,,,,60,,78,,,,,,0,,,
"Nepal","NP","NPL","524","SEA",2018,,,,,,,60,613,613,,,,0,,,,,
"Nepal","NP","NPL","524","SEA",2019,60,64715,40222,,,,60,2397,2397,,,,0,,,,,
"Netherlands","NL","NLD","528","EUR",2015,,,,,,,60,,18,,,,,,,,,
"Netherlands","NL","NLD","528","EUR",2016,,,,,,,60,,18,,,,,,,,,
"Netherlands","NL","NLD","528","EUR",2017,,,,,,,60,,25,,,,,,60,751,,
"Netherlands","NL","NLD","528","EUR",2018,,,,,,,60,489,10,,,,0,,,,,
"Netherlands","NL","NLD","528","EUR",2019,0,,,,,,60,482,15,,,,1,900,,,,
"New Caledonia","NC","NCL","540","WPR",2015,,,,,,,60,,4,,,,,,,,,
"New Caledonia","NC","NCL","540","WPR",2016,,,,,,,0,,,,,,,,,,,
"New Caledonia","NC","NCL","540","WPR",2017,,,,,,,0,,,,,,,,0,,,
"New Caledonia","NC","NCL","540","WPR",2018,,,,,,,0,,,,,,0,,,,,
"New Caledonia","NC","NCL","540","WPR",2019,0,,,,,,0,,,,,,0,,,,,
"New Zealand","NZ","NZL","554","WPR",2015,,,,,,,60,,28,,,,,,,,,
"New Zealand","NZ","NZL","554","WPR",2016,,,,,,,60,,29,,,,,,,,,
"New Zealand","NZ","NZL","554","WPR",2017,,,,,,,60,,27,,,,,,0,,,
"New Zealand","NZ","NZL","554","WPR",2018,,,,,,,60,,17,,,,,,,,,
"New Zealand","NZ","NZL","554","WPR",2019,60,,21,,,,,,,,,,,,,,,
"Nicaragua","NI","NIC","558","AMR",2015,,,,,,,60,,303,,,,,,,,,
"Nicaragua","NI","NIC","558","AMR",2016,,,,,,,60,,203,,,,,,,,,
"Nicaragua","NI","NIC","558","AMR",2017,,,,,,,60,,256,,,,,,60,4,,
"Nicaragua","NI","NIC","558","AMR",2018,,,,,,,60,721,415,,,,0,,,,,
"Nicaragua","NI","NIC","558","AMR",2019,60,1477,1382,,,,60,792,792,,,,0,,,,,
"Niger","NE","NER","562","AFR",2015,,,,,,,60,,975,,,,,,,,,
"Niger","NE","NER","562","AFR",2016,,,,,,,60,,1640,,,,,,,,,
"Niger","NE","NER","562","AFR",2017,,,,,,,60,,1652,,,,,,0,,,
"Niger","NE","NER","562","AFR",2018,,,,,,,60,3232,3232,,,,0,,,,,
"Niger","NE","NER","562","AFR",2019,60,7232,7232,,,,60,6746,6746,,,,194,,,,,
"Nigeria","NG","NGA","566","AFR",2015,,,,,,,60,,6254,,,,,,,,,
"Nigeria","NG","NGA","566","AFR",2016,,,,,,,60,,8562,,,,,,,,,
"Nigeria","NG","NGA","566","AFR",2017,,,,,,,60,,10258,,,,,,0,,,
"Nigeria","NG","NGA","566","AFR",2018,,,,,,,60,10522,10522,,,,0,,,,,
"Nigeria","NG","NGA","566","AFR",2019,60,20370,17983,,,,60,10788,9772,,,,0,,,,,
"Niue","NU","NIU","570","WPR",2015,,,,,,,0,,,,,,,,,,,
"Niue","NU","NIU","570","WPR",2016,,,,,,,,,,,,,,,,,,
"Niue","NU","NIU","570","WPR",2017,,,,,,,60,,0,,,,,,0,,,
"Niue","NU","NIU","570","WPR",2018,,,,,,,60,2,0,,,,0,,,,,
"Niue","NU","NIU","570","WPR",2019,5,,,,,,60,769,0,,,,1,44,,,,
"North Macedonia","MK","MKD","807","EUR",2015,,,,,,,60,,70,,,,,,,,,
"North Macedonia","MK","MKD","807","EUR",2016,,,,,,,60,,23,,,,,,,,,
"North Macedonia","MK","MKD","807","EUR",2017,,,,,,,60,,18,,,,,,60,36,,
"North Macedonia","MK","MKD","807","EUR",2018,,,,,,,60,53,28,,,,1,39,,,,
"North Macedonia","MK","MKD","807","EUR",2019,60,189,155,,,,60,64,44,,,,1,34,,,,
"Northern Mariana Islands","MP","MNP","580","WPR",2015,,,,,,,60,,5,,,,,,,,,
"Northern Mariana Islands","MP","MNP","580","WPR",2016,,,,,,,60,,5,,,,,,,,,
"Northern Mariana Islands","MP","MNP","580","WPR",2017,,,,,,,60,,2,,,,,,60,26,,
"Northern Mariana Islands","MP","MNP","580","WPR",2018,,,,,,,60,9,3,,,,1,34,,,,
"Northern Mariana Islands","MP","MNP","580","WPR",2019,60,325,199,,,,60,3,0,,,,1,44,,,,
"Norway","NO","NOR","578","EUR",2015,,,,,,,0,,,,,,,,,,,
"Norway","NO","NOR","578","EUR",2016,,,,,,,60,,34,,,,,,,,,
"Norway","NO","NOR","578","EUR",2017,,,,,,,,,,,,,,,,,,
"Norway","NO","NOR","578","EUR",2018,,,,,,,60,69,16,,,,1,276,,,,
"Norway","NO","NOR","578","EUR",2019,0,,,,,,60,38,5,,,,1,36,,,,
"occupied Palestinian territory, including east Jerusalem","PS","PSE","275","EMR",2015,,,,,,,0,,,,,,,,,,,
"occupied Palestinian territory, including east Jerusalem","PS","PSE","275","EMR",2016,,,,,,,,,,,,,,,,,,
"occupied Palestinian territory, including east Jerusalem","PS","PSE","275","EMR",2017,,,,,,,,,,,,,,,,,,
"occupied Palestinian territory, including east Jerusalem","PS","PSE","275","EMR",2018,,,,,,,60,2,2,,,,0,,,,,
"occupied Palestinian territory, including east Jerusalem","PS","PSE","275","EMR",2019,60,170,170,,,,60,12,4,,,,1,21,,,,
"Oman","OM","OMN","512","EMR",2015,,,,,,,60,,85,,,,,,,,,
"Oman","OM","OMN","512","EMR",2016,,,,,,,60,,112,,,,,,,,,
"Oman","OM","OMN","512","EMR",2017,,,,,,,60,,79,,,,,,60,318,,
"Oman","OM","OMN","512","EMR",2018,,,,,,,60,336,107,,,,1,89,,,,
"Oman","OM","OMN","512","EMR",2019,60,1984,1889,,,,60,329,108,,,,1,111,,,,
"Pakistan","PK","PAK","586","EMR",2015,,,,,,,0,,,,,,,,,,,
"Pakistan","PK","PAK","586","EMR",2016,,,,,,,0,,,,,,,,,,,
"Pakistan","PK","PAK","586","EMR",2017,,,,,,,0,,,,,,,,0,,,
"Pakistan","PK","PAK","586","EMR",2018,,,,,,,60,6146,6146,,,,0,,,,,
"Pakistan","PK","PAK","586","EMR",2019,60,,201728,,,,60,5689,5689,,,,0,,,,,
"Palau","PW","PLW","585","WPR",2015,,,,,,,60,,0,,,,,,,,,
"Palau","PW","PLW","585","WPR",2016,,,,,,,60,,0,,,,,,,,,
"Palau","PW","PLW","585","WPR",2017,,,,,,,60,,2,,,,,,60,1,,
"Palau","PW","PLW","585","WPR",2018,,,,,,,60,13,2,,,,1,6,,,,
"Palau","PW","PLW","585","WPR",2019,60,40,27,,,,60,7,2,,,,1,5,,,,
"Panama","PA","PAN","591","AMR",2015,,,,,,,60,,207,,,,,,,,,
"Panama","PA","PAN","591","AMR",2016,,,,,,,60,,195,,,,,,,,,
"Panama","PA","PAN","591","AMR",2017,,,,,,,60,,243,,,,,,60,150,,
"Panama","PA","PAN","591","AMR",2018,,,,,,,60,485,325,,,,0,,,,,
"Panama","PA","PAN","591","AMR",2019,0,,,,,,0,,,,,,0,,,,,
"Papua New Guinea","PG","PNG","598","WPR",2015,,,,,,,,,,,,,,,,,,
"Papua New Guinea","PG","PNG","598","WPR",2016,,,,,,,0,,,,,,,,,,,
"Papua New Guinea","PG","PNG","598","WPR",2017,,,,,,,0,,,,,,,,0,,,
"Papua New Guinea","PG","PNG","598","WPR",2018,,,,,,,60,928,768,,,,0,,,,,
"Papua New Guinea","PG","PNG","598","WPR",2019,60,5485,4871,,,,60,1485,1249,,,,194,,,,,
"Paraguay","PY","PRY","600","AMR",2015,,,,,,,60,,206,,,,,,,,,
"Paraguay","PY","PRY","600","AMR",2016,,,,,,,60,,203,,,,,,,,,
"Paraguay","PY","PRY","600","AMR",2017,,,,,,,60,,384,,,,,,60,33,,
"Paraguay","PY","PRY","600","AMR",2018,,,,,,,60,379,206,,,,0,,,,,
"Paraguay","PY","PRY","600","AMR",2019,60,4079,2333,,,,60,222,206,,,,194,,,,,
"Peru","PE","PER","604","AMR",2015,,,,,,,60,,4261,,,,,,,,,
"Peru","PE","PER","604","AMR",2016,,,,,,,60,,4064,,,,,,,,,
"Peru","PE","PER","604","AMR",2017,,,,,,,60,,3941,,,,,,0,,,
"Peru","PE","PER","604","AMR",2018,,,,,,,60,4979,2635,,,,0,,,,,
"Peru","PE","PER","604","AMR",2019,60,48093,42700,,,,60,5235,2823,,,,0,,,,,
"Philippines","PH","PHL","608","WPR",2015,,,,,,,60,,6337,,,,,,,,,
"Philippines","PH","PHL","608","WPR",2016,,,,,,,60,,2777,,,,,,,,,
"Philippines","PH","PHL","608","WPR",2017,,,,,,,60,,6473,,,,,,2,,,
"Philippines","PH","PHL","608","WPR",2018,,,,,,,60,5409,5409,,,,0,,,,,
"Philippines","PH","PHL","608","WPR",2019,0,,,,,,60,2180,1915,,,,194,,,,,
"Poland","PL","POL","616","EUR",2015,,,,,,,0,,,,,,,,,,,
"Poland","PL","POL","616","EUR",2016,,,,,,,0,,,,,,,,,,,
"Poland","PL","POL","616","EUR",2017,,,,,,,0,,,,,,,,0,,,
"Poland","PL","POL","616","EUR",2018,,,,,,,0,,,,,,,,,,,
"Poland","PL","POL","616","EUR",2019,0,,,,,,0,,,,,,0,,,,,
"Portugal","PT","PRT","620","EUR",2015,,,,,,,60,,120,,,,,,,,,
"Portugal","PT","PRT","620","EUR",2016,,,,,,,60,,98,,,,,,,,,
"Portugal","PT","PRT","620","EUR",2017,,,,,,,60,,167,,,,,,60,2019,,
"Portugal","PT","PRT","620","EUR",2018,,,,,,,60,1936,110,,,,1,37,,,,
"Portugal","PT","PRT","620","EUR",2019,60,4314,3109,,,,60,1848,72,,,,1,222,,,,
"Puerto Rico","PR","PRI","630","AMR",2015,,,,,,,60,,1,,,,,,,,,
"Puerto Rico","PR","PRI","630","AMR",2016,,,,,,,60,,3,,,,,,,,,
"Puerto Rico","PR","PRI","630","AMR",2017,,,,,,,60,,2,,,,,,60,10,,
"Puerto Rico","PR","PRI","630","AMR",2018,,,,,,,60,8,0,,,,1,2,,,,
"Puerto Rico","PR","PRI","630","AMR",2019,60,174,98,,,,60,19,2,,,,1,2,,,,
"Qatar","QA","QAT","634","EMR",2015,,,,,,,,,,,,,,,,,,
"Qatar","QA","QAT","634","EMR",2016,,,,,,,60,,5,,,,,,,,,
"Qatar","QA","QAT","634","EMR",2017,,,,,,,60,,0,,,,,,60,0,,
"Qatar","QA","QAT","634","EMR",2018,,,,,,,60,701,19,,,,0,,,,,
"Qatar","QA","QAT","634","EMR",2019,60,6202,6202,,,,60,907,0,,,,0,,,,,
"Republic of Korea","KR","KOR","410","WPR",2015,,,,,,,60,,475,,,,,,,,,
"Republic of Korea","KR","KOR","410","WPR",2016,,,,,,,60,,419,,,,,,,,,
"Republic of Korea","KR","KOR","410","WPR",2017,,,,,,,60,,371,,,,,,60,2808,,
"Republic of Korea","KR","KOR","410","WPR",2018,,,,,,,60,3003,335,,,,0,,,,,
"Republic of Korea","KR","KOR","410","WPR",2019,60,19588,4396,,,,60,2607,214,,,,0,,,,,
"Republic of Moldova","MD","MDA","498","EUR",2015,,,,,,,0,,,,,,,,,,,
"Republic of Moldova","MD","MDA","498","EUR",2016,,,,,,,0,,,,,,,,,,,
"Republic of Moldova","MD","MDA","498","EUR",2017,,,,,,,60,,212,,,,,,60,1562,,
"Republic of Moldova","MD","MDA","498","EUR",2018,,,,,,,60,2129,215,,,,0,,,,,
"Republic of Moldova","MD","MDA","498","EUR",2019,60,17414,16203,,,,60,1411,203,,,,0,,,,,
"Romania","RO","ROU","642","EUR",2015,,,,,,,0,,,,,,,,,,,
"Romania","RO","ROU","642","EUR",2016,,,,,,,0,,,,,,,,,,,
"Romania","RO","ROU","642","EUR",2017,,,,,,,60,,3900,,,,,,60,6975,,
"Romania","RO","ROU","642","EUR",2018,,,,,,,60,8413,3750,,,,1,0,,,,
"Romania","RO","ROU","642","EUR",2019,60,8295,8295,,,,60,8046,3589,,,,1,0,,,,
"Russian Federation","RU","RUS","643","EUR",2015,,,,,,,0,,,,,,,,,,,
"Russian Federation","RU","RUS","643","EUR",2016,,,,,,,61,,,39628,,9850,,,,,,
"Russian Federation","RU","RUS","643","EUR",2017,,,,,,,60,,10096,,,,,,0,,,
"Russian Federation","RU","RUS","643","EUR",2018,,,,,,,60,,7489,,,,0,,,,,
"Russian Federation","RU","RUS","643","EUR",2019,0,,,,,,60,,8192,,,,0,,,,,
"Rwanda","RW","RWA","646","AFR",2015,,,,,,,60,,1680,,,,,,,,,
"Rwanda","RW","RWA","646","AFR",2016,,,,,,,60,,1693,,,,,,,,,
"Rwanda","RW","RWA","646","AFR",2017,,,,,,,60,,1540,,,,,,0,,,
"Rwanda","RW","RWA","646","AFR",2018,,,,,,,60,,1423,,,,0,,,,,
"Rwanda","RW","RWA","646","AFR",2019,60,12774,12314,,,,60,1465,1326,,,,0,,,,,
"Saint Kitts and Nevis","KN","KNA","659","AMR",2015,,,,,,,,,,,,,,,,,,
"Saint Kitts and Nevis","KN","KNA","659","AMR",2016,,,,,,,2,,,,,,,,,,,
"Saint Kitts and Nevis","KN","KNA","659","AMR",2017,,,,,,,2,,,,,,,,2,,,
"Saint Kitts and Nevis","KN","KNA","659","AMR",2018,,,,,,,60,0,0,,,,0,,,,,
"Saint Kitts and Nevis","KN","KNA","659","AMR",2019,,,,,,,,,,,,,,,,,,
"Saint Lucia","LC","LCA","662","AMR",2015,,,,,,,0,,,,,,,,,,,
"Saint Lucia","LC","LCA","662","AMR",2016,,,,,,,0,,,,,,,,,,,
"Saint Lucia","LC","LCA","662","AMR",2017,,,,,,,60,,2,,,,,,60,5,,
"Saint Lucia","LC","LCA","662","AMR",2018,,,,,,,60,1,0,,,,0,,,,,
"Saint Lucia","LC","LCA","662","AMR",2019,60,12,12,,,,60,2,0,,,,194,,,,,
"Saint Vincent and the Grenadines","VC","VCT","670","AMR",2015,,,,,,,0,,,,,,,,,,,
"Saint Vincent and the Grenadines","VC","VCT","670","AMR",2016,,,,,,,0,,,,,,,,,,,
"Saint Vincent and the Grenadines","VC","VCT","670","AMR",2017,,,,,,,60,,0,,,,,,60,0,,
"Saint Vincent and the Grenadines","VC","VCT","670","AMR",2018,,,,,,,60,,,,,,1,,,,,
"Saint Vincent and the Grenadines","VC","VCT","670","AMR",2019,0,,,,,,0,,,,,,0,,,,,
"Samoa","WS","WSM","882","WPR",2015,,,,,,,60,,25,,,,,,,,,
"Samoa","WS","WSM","882","WPR",2016,,,,,,,60,,11,,,,,,,,,
"Samoa","WS","WSM","882","WPR",2017,,,,,,,60,,15,,,,,,0,,,
"Samoa","WS","WSM","882","WPR",2018,,,,,,,0,,,,,,0,,,,,
"Samoa","WS","WSM","882","WPR",2019,60,461,435,,,,60,48,26,,,,1,22,,,,
"San Marino","SM","SMR","674","EUR",2015,,,,,,,,,,,,,,,,,,
"San Marino","SM","SMR","674","EUR",2016,,,,,,,60,,0,,,,,,,,,
"San Marino","SM","SMR","674","EUR",2017,,,,,,,0,,,,,,,,0,,,
"San Marino","SM","SMR","674","EUR",2018,,,,,,,0,,,,,,2,,,,,
"San Marino","SM","SMR","674","EUR",2019,0,,,,,,5,,,,,,194,,,,,
"Sao Tome and Principe","ST","STP","678","AFR",2015,,,,,,,0,,,,,,,,,,,
"Sao Tome and Principe","ST","STP","678","AFR",2016,,,,,,,0,,,,,,,,,,,
"Sao Tome and Principe","ST","STP","678","AFR",2017,,,,,,,0,,,,,,,,0,,,
"Sao Tome and Principe","ST","STP","678","AFR",2018,,,,,,,0,,,,,,0,,,,,
"Sao Tome and Principe","ST","STP","678","AFR",2019,60,203,10,,,,60,0,0,,,,0,,,,,
"Saudi Arabia","SA","SAU","682","EMR",2015,,,,,,,,,,,,,,,,,,
"Saudi Arabia","SA","SAU","682","EMR",2016,,,,,,,0,,,,,,,,,,,
"Saudi Arabia","SA","SAU","682","EMR",2017,,,,,,,60,,72,,,,,,60,1230,,
"Saudi Arabia","SA","SAU","682","EMR",2018,,,,,,,60,1853,80,,,,0,,,,,
"Saudi Arabia","SA","SAU","682","EMR",2019,60,8244,8206,,,,60,1153,83,,,,194,,,,,
"Senegal","SN","SEN","686","AFR",2015,,,,,,,0,,,,,,,,,,,
"Senegal","SN","SEN","686","AFR",2016,,,,,,,60,,5196,,,,,,,,,
"Senegal","SN","SEN","686","AFR",2017,,,,,,,60,,5824,,,,,,0,,,
"Senegal","SN","SEN","686","AFR",2018,,,,,,,60,4373,4373,,,,0,,,,,
"Senegal","SN","SEN","686","AFR",2019,0,,,,,,0,,,,,,194,,,,,
"Serbia","RS","SRB","688","EUR",2015,,,,,,,0,,,,,,,,,,,
"Serbia","RS","SRB","688","EUR",2016,,,,,,,0,,,,,,,,,,,
"Serbia","RS","SRB","688","EUR",2017,,,,,,,0,,,,,,,,0,,,
"Serbia","RS","SRB","688","EUR",2018,,,,,,,0,,,,,,0,,,,,
"Serbia","RS","SRB","688","EUR",2019,60,,,,,,0,,,,,,0,,,,,
"Seychelles","SC","SYC","690","AFR",2015,,,,,,,60,,1,,,,,,,,,
"Seychelles","SC","SYC","690","AFR",2016,,,,,,,0,,,,,,,,,,,
"Seychelles","SC","SYC","690","AFR",2017,,,,,,,60,,0,,,,,,60,19,,
"Seychelles","SC","SYC","690","AFR",2018,,,,,,,60,14,0,,,,2,,,,,
"Seychelles","SC","SYC","690","AFR",2019,60,39,39,,,,60,3,0,,,,194,,,,,
"Sierra Leone","SL","SLE","694","AFR",2015,,,,,,,0,,,,,,,,,,,
"Sierra Leone","SL","SLE","694","AFR",2016,,,,,,,0,,,,,,,,,,,
"Sierra Leone","SL","SLE","694","AFR",2017,,,,,,,0,,,,,,,,0,,,
"Sierra Leone","SL","SLE","694","AFR",2018,,,,,,,0,,,,,,0,,,,,
"Sierra Leone","SL","SLE","694","AFR",2019,0,,,,,,0,,,,,,194,,,,,
"Singapore","SG","SGP","702","WPR",2015,,,,,,,60,,106,,,,,,,,,
"Singapore","SG","SGP","702","WPR",2016,,,,,,,60,,108,,,,,,,,,
"Singapore","SG","SGP","702","WPR",2017,,,,,,,60,,105,,,,,,60,484,,
"Singapore","SG","SGP","702","WPR",2018,,,,,,,60,445,56,,,,0,,,,,
"Singapore","SG","SGP","702","WPR",2019,60,2245,2158,,,,60,419,74,,,,0,,,,,
"Sint Maarten (Dutch part)","SX","SXM","534","AMR",2015,,,,,,,0,,,,,,,,,,,
"Sint Maarten (Dutch part)","SX","SXM","534","AMR",2016,,,,,,,0,,,,,,,,,,,
"Sint Maarten (Dutch part)","SX","SXM","534","AMR",2017,,,,,,,0,,,,,,,,0,,,
"Sint Maarten (Dutch part)","SX","SXM","534","AMR",2018,,,,,,,60,3,0,,,,0,,,,,
"Sint Maarten (Dutch part)","SX","SXM","534","AMR",2019,60,6,4,,,,0,,,,,,0,,,,,
"Slovakia","SK","SVK","703","EUR",2015,,,,,,,61,,,52,,186,,,,,,
"Slovakia","SK","SVK","703","EUR",2016,,,,,,,60,,36,,,,,,,,,
"Slovakia","SK","SVK","703","EUR",2017,,,,,,,60,,128,,,,,,0,,,
"Slovakia","SK","SVK","703","EUR",2018,,,,,,,0,,,,,,2,0,,,,
"Slovakia","SK","SVK","703","EUR",2019,60,1058,26,,,,0,,,,,,0,,,,,
"Slovenia","SI","SVN","705","EUR",2015,,,,,,,0,,,,,,,,,,,
"Slovenia","SI","SVN","705","EUR",2016,,,,,,,60,,15,,,,,,,,,
"Slovenia","SI","SVN","705","EUR",2017,,,,,,,,,,,,,,,,,,
"Slovenia","SI","SVN","705","EUR",2018,,,,,,,,,,,,,,,,,,
"Slovenia","SI","SVN","705","EUR",2019,60,224,24,,,,60,24,7,,,,194,,,,,
"Solomon Islands","SB","SLB","090","WPR",2015,,,,,,,60,,3,,,,,,,,,
"Solomon Islands","SB","SLB","090","WPR",2016,,,,,,,60,,2,,,,,,,,,
"Solomon Islands","SB","SLB","090","WPR",2017,,,,,,,60,,3,,,,,,0,,,
"Solomon Islands","SB","SLB","090","WPR",2018,,,,,,,0,,,,,,0,,,,,
"Solomon Islands","SB","SLB","090","WPR",2019,0,,,,,,60,6,6,,,,0,,,,,
"Somalia","SO","SOM","706","EMR",2015,,,,,,,0,,,,,,,,,,,
"Somalia","SO","SOM","706","EMR",2016,,,,,,,0,,,,,,,,,,,
"Somalia","SO","SOM","706","EMR",2017,,,,,,,0,,,,,,,,0,,,
"Somalia","SO","SOM","706","EMR",2018,,,,,,,0,,,,,,0,,,,,
"Somalia","SO","SOM","706","EMR",2019,0,,,,,,0,,,,,,0,,,,,
"South Africa","ZA","ZAF","710","AFR",2015,,,,,,,0,,,,,,,,,,,
"South Africa","ZA","ZAF","710","AFR",2016,,,,,,,0,,,,,,,,,,,
"South Africa","ZA","ZAF","710","AFR",2017,,,,,,,60,,32104,,,,,,0,,,
"South Africa","ZA","ZAF","710","AFR",2018,,,,,,,60,,25357,,,,0,,,,,
"South Africa","ZA","ZAF","710","AFR",2019,0,,,,,,60,,22689,,,,0,,,,,
"South Sudan","SS","SSD","728","AFR",2015,,,,,,,0,,,,,,,,,,,
"South Sudan","SS","SSD","728","AFR",2016,,,,,,,0,,,,,,,,,,,
"South Sudan","SS","SSD","728","AFR",2017,,,,,,,0,,,,,,,,0,,,
"South Sudan","SS","SSD","728","AFR",2018,,,,,,,0,,,,,,0,,,,,
"South Sudan","SS","SSD","728","AFR",2019,0,,,,,,0,,,,,,0,,,,,
"Spain","ES","ESP","724","EUR",2015,,,,,,,,,,,,,,,,,,
"Spain","ES","ESP","724","EUR",2016,,,,,,,,,,,,,,,,,,
"Spain","ES","ESP","724","EUR",2017,,,,,,,,,,,,,,,,,,
"Spain","ES","ESP","724","EUR",2018,,,,,,,,,,,,,,,,,,
"Spain","ES","ESP","724","EUR",2019,,,,,,,,,,,,,,,,,,
"Sri Lanka","LK","LKA","144","SEA",2015,,,,,,,60,,576,,,,,,,,,
"Sri Lanka","LK","LKA","144","SEA",2016,,,,,,,60,,315,,,,,,,,,
"Sri Lanka","LK","LKA","144","SEA",2017,,,,,,,60,,479,,,,,,60,6,,
"Sri Lanka","LK","LKA","144","SEA",2018,,,,,,,60,968,584,,,,0,,,,,
"Sri Lanka","LK","LKA","144","SEA",2019,60,15391,11735,,,,60,746,642,,,,0,,,,,
"Sudan","SD","SDN","729","EMR",2015,,,,,,,0,,,,,,,,,,,
"Sudan","SD","SDN","729","EMR",2016,,,,,,,0,,,,,,,,,,,
"Sudan","SD","SDN","729","EMR",2017,,,,,,,0,,,,,,,,0,,,
"Sudan","SD","SDN","729","EMR",2018,,,,,,,60,,903,,,,0,,,,,
"Sudan","SD","SDN","729","EMR",2019,0,,,,,,60,2268,2268,,,,194,,,,,
"Suriname","SR","SUR","740","AMR",2015,,,,,,,0,,,,,,,,,,,
"Suriname","SR","SUR","740","AMR",2016,,,,,,,0,,,,,,,,,,,
"Suriname","SR","SUR","740","AMR",2017,,,,,,,0,,,,,,,,0,,,
"Suriname","SR","SUR","740","AMR",2018,,,,,,,0,,,,,,0,,,,,
"Suriname","SR","SUR","740","AMR",2019,60,313,312,,,,0,,,,,,194,,,,,
"Sweden","SE","SWE","752","EUR",2015,,,,,,,0,,,,,,,,,,,
"Sweden","SE","SWE","752","EUR",2016,,,,,,,0,,,,,,,,,,,
"Sweden","SE","SWE","752","EUR",2017,,,,,,,0,,,,,,,,0,,,
"Sweden","SE","SWE","752","EUR",2018,,,,,,,0,,,,,,0,,,,,
"Sweden","SE","SWE","752","EUR",2019,0,,,,,,0,,,,,,0,,,,,
"Switzerland","CH","CHE","756","EUR",2015,,,,,,,0,,,,,,,,,,,
"Switzerland","CH","CHE","756","EUR",2016,,,,,,,0,,,,,,,,,,,
"Switzerland","CH","CHE","756","EUR",2017,,,,,,,0,,,,,,,,0,,,
"Switzerland","CH","CHE","756","EUR",2018,,,,,,,0,,,,,,0,,,,,
"Switzerland","CH","CHE","756","EUR",2019,0,,,,,,0,,,,,,0,,,,,
"Syrian Arab Republic","SY","SYR","760","EMR",2015,,,,,,,0,,,,,,,,,,,
"Syrian Arab Republic","SY","SYR","760","EMR",2016,,,,,,,60,,102,,,,,,,,,
"Syrian Arab Republic","SY","SYR","760","EMR",2017,,,,,,,60,,102,,,,,,60,55,,
"Syrian Arab Republic","SY","SYR","760","EMR",2018,,,,,,,60,654,210,,,,0,,,,,
"Syrian Arab Republic","SY","SYR","760","EMR",2019,60,2203,2203,,,,60,555,246,,,,194,,,,,
"Tajikistan","TJ","TJK","762","EUR",2015,,,,,,,0,,,,,,,,,,,
"Tajikistan","TJ","TJK","762","EUR",2016,,,,,,,60,,2341,,,,,,,,,
"Tajikistan","TJ","TJK","762","EUR",2017,,,,,,,60,,2032,,,,,,60,2154,,
"Tajikistan","TJ","TJK","762","EUR",2018,,,,,,,60,2533,2442,,,,0,0,,,,
"Tajikistan","TJ","TJK","762","EUR",2019,60,17989,14975,,,,60,2951,2847,,,,194,,,,,
"Thailand","TH","THA","764","SEA",2015,,,,,,,0,,,,,,,,,,,
"Thailand","TH","THA","764","SEA",2016,,,,,,,0,,,,,,,,,,,
"Thailand","TH","THA","764","SEA",2017,,,,,,,60,,278,,,,,,60,92,,
"Thailand","TH","THA","764","SEA",2018,,,,,,,60,676,479,,,,0,,,,,
"Thailand","TH","THA","764","SEA",2019,60,121853,109667,,,,60,10152,4512,,,,1,856,,,,
"Timor-Leste","TL","TLS","626","SEA",2015,,,,,,,60,,519,,,,,,,,,
"Timor-Leste","TL","TLS","626","SEA",2016,,,,,,,60,,1586,,,,,,,,,
"Timor-Leste","TL","TLS","626","SEA",2017,,,,,,,60,,1542,,,,,,0,,,
"Timor-Leste","TL","TLS","626","SEA",2018,,,,,,,60,1193,1193,,,,0,,,,,
"Timor-Leste","TL","TLS","626","SEA",2019,0,,,,,,60,1180,1180,,,,0,,,,,
"Togo","TG","TGO","768","AFR",2015,,,,,,,60,,534,,,,,,,,,
"Togo","TG","TGO","768","AFR",2016,,,,,,,60,,425,,,,,,,,,
"Togo","TG","TGO","768","AFR",2017,,,,,,,60,,591,,,,,,0,,,
"Togo","TG","TGO","768","AFR",2018,,,,,,,60,571,571,,,,0,,,,,
"Togo","TG","TGO","768","AFR",2019,0,,,,,,60,446,446,,,,0,,,,,
"Tokelau","TK","TKL","772","WPR",2015,,,,,,,,,,,,,,,,,,
"Tokelau","TK","TKL","772","WPR",2016,,,,,,,0,,,,,,,,,,,
"Tokelau","TK","TKL","772","WPR",2017,,,,,,,60,,0,,,,,,60,0,,
"Tokelau","TK","TKL","772","WPR",2018,,,,,,,,,,,,,,,,,,
"Tokelau","TK","TKL","772","WPR",2019,,,,,,,,,,,,,,,,,,
"Tonga","TO","TON","776","WPR",2015,,,,,,,60,,0,,,,,,,,,
"Tonga","TO","TON","776","WPR",2016,,,,,,,0,,,,,,,,,,,
"Tonga","TO","TON","776","WPR",2017,,,,,,,60,,0,,,,,,60,0,,
"Tonga","TO","TON","776","WPR",2018,,,,,,,60,0,0,,,,0,,,,,
"Tonga","TO","TON","776","WPR",2019,60,103,103,,,,60,6,4,,,,1,6,,,,
"Trinidad and Tobago","TT","TTO","780","AMR",2015,,,,,,,60,,13,,,,,,,,,
"Trinidad and Tobago","TT","TTO","780","AMR",2016,,,,,,,60,,3,,,,,,,,,
"Trinidad and Tobago","TT","TTO","780","AMR",2017,,,,,,,60,,15,,,,,,60,111,,
"Trinidad and Tobago","TT","TTO","780","AMR",2018,,,,,,,60,114,8,,,,0,,,,,
"Trinidad and Tobago","TT","TTO","780","AMR",2019,60,,750,,,,60,327,11,,,,194,,,,,
"Tunisia","TN","TUN","788","EMR",2015,,,,,,,60,,201,,,,,,,,,
"Tunisia","TN","TUN","788","EMR",2016,,,,,,,60,,211,,,,,,,,,
"Tunisia","TN","TUN","788","EMR",2017,,,,,,,60,,196,,,,,,60,199,,
"Tunisia","TN","TUN","788","EMR",2018,,,,,,,60,272,202,,,,0,,,,,
"Tunisia","TN","TUN","788","EMR",2019,,,,,,,,,,,,,,,,,,
"Turkey","TR","TUR","792","EUR",2015,,,,,,,60,,1295,,,,,,,,,
"Turkey","TR","TUR","792","EUR",2016,,,,,,,60,,1176,,,,,,,,,
"Turkey","TR","TUR","792","EUR",2017,,,,,,,60,,1388,,,,,,60,11940,,
"Turkey","TR","TUR","792","EUR",2018,,,,,,,0,,,,,,0,,,,,
"Turkey","TR","TUR","792","EUR",2019,60,26406,21408,,,,60,8878,1079,,,,0,,,,,
"Turkmenistan","TM","TKM","795","EUR",2015,,,,,,,0,,,,,,,,,,,
"Turkmenistan","TM","TKM","795","EUR",2016,,,,,,,0,,,,,,,,,,,
"Turkmenistan","TM","TKM","795","EUR",2017,,,,,,,0,,,,,,,,60,3504,,
"Turkmenistan","TM","TKM","795","EUR",2018,,,,,,,60,4315,,,,,,,,,,
"Turkmenistan","TM","TKM","795","EUR",2019,60,7023,7023,,,,60,4279,591,,,,0,,,,,
"Turks and Caicos Islands","TC","TCA","796","AMR",2015,,,,,,,0,,,,,,,,,,,
"Turks and Caicos Islands","TC","TCA","796","AMR",2016,,,,,,,60,,0,,,,,,,,,
"Turks and Caicos Islands","TC","TCA","796","AMR",2017,,,,,,,,,,,,,,,,,,
"Turks and Caicos Islands","TC","TCA","796","AMR",2018,,,,,,,60,0,0,,,,2,,,,,
"Turks and Caicos Islands","TC","TCA","796","AMR",2019,60,10,10,,,,60,1,0,,,,194,,,,,
"Tuvalu","TV","TUV","798","WPR",2015,,,,,,,61,,,9,,3,,,,,,
"Tuvalu","TV","TUV","798","WPR",2016,,,,,,,61,,,14,,4,,,,,,
"Tuvalu","TV","TUV","798","WPR",2017,,,,,,,0,,,,,,,,61,,0,0
"Tuvalu","TV","TUV","798","WPR",2018,,,,,,,0,,,,,,0,,,,,
"Tuvalu","TV","TUV","798","WPR",2019,0,,,,,,0,,,,,,0,,,,,
"Uganda","UG","UGA","800","AFR",2015,,,,,,,0,,,,,,,,,,,
"Uganda","UG","UGA","800","AFR",2016,,,,,,,60,,1094,,,,,,,,,
"Uganda","UG","UGA","800","AFR",2017,,,,,,,60,,1734,,,,,,0,,,
"Uganda","UG","UGA","800","AFR",2018,,,,,,,60,3098,3098,,,,0,,,,,
"Uganda","UG","UGA","800","AFR",2019,60,19461,,,,,60,6500,6500,,,,0,,,,,
"Ukraine","UA","UKR","804","EUR",2015,,,,,,,60,,3254,,,,,,,,,
"Ukraine","UA","UKR","804","EUR",2016,,,,,,,60,,260,,,,,,,,,
"Ukraine","UA","UKR","804","EUR",2017,,,,,,,60,,1856,,,,,,60,15811,,
"Ukraine","UA","UKR","804","EUR",2018,,,,,,,60,18446,2168,,,,0,,,,,
"Ukraine","UA","UKR","804","EUR",2019,60,37287,37287,,,,60,28846,2777,,,,0,,,,,
"United Arab Emirates","AE","ARE","784","EMR",2015,,,,,,,60,,3,,,,,,,,,
"United Arab Emirates","AE","ARE","784","EMR",2016,,,,,,,60,,10,,,,,,,,,
"United Arab Emirates","AE","ARE","784","EMR",2017,,,,,,,60,,1,,,,,,60,18,,
"United Arab Emirates","AE","ARE","784","EMR",2018,,,,,,,60,23,3,,,,0,,,,,
"United Arab Emirates","AE","ARE","784","EMR",2019,60,562,560,,,,60,24,13,,,,194,,,,,
"United Kingdom of Great Britain and Northern Ireland","GB","GBR","826","EUR",2015,,,,,,,0,,,,,,,,,,,
"United Kingdom of Great Britain and Northern Ireland","GB","GBR","826","EUR",2016,,,,,,,0,,,,,,,,,,,
"United Kingdom of Great Britain and Northern Ireland","GB","GBR","826","EUR",2017,,,,,,,0,,,,,,,,0,,,
"United Kingdom of Great Britain and Northern Ireland","GB","GBR","826","EUR",2018,,,,,,,0,,,,,,0,,,,,
"United Kingdom of Great Britain and Northern Ireland","GB","GBR","826","EUR",2019,,,,,,,,,,,,,,,,,,
"United Republic of Tanzania","TZ","TZA","834","AFR",2015,,,,,,,60,,1314,,,,,,,,,
"United Republic of Tanzania","TZ","TZA","834","AFR",2016,,,,,,,60,,6309,,,,,,,,,
"United Republic of Tanzania","TZ","TZA","834","AFR",2017,,,,,,,60,,7303,,,,,,0,,,
"United Republic of Tanzania","TZ","TZA","834","AFR",2018,,,,,,,60,4426,4426,,,,0,,,,,
"United Republic of Tanzania","TZ","TZA","834","AFR",2019,0,,,,,,60,7917,7917,,,,0,,,,,
"United States of America","US","USA","840","AMR",2015,,,,,,,0,,,,,,,,,,,
"United States of America","US","USA","840","AMR",2016,,,,,,,0,,,,,,,,,,,
"United States of America","US","USA","840","AMR",2017,,,,,,,0,,,,,,,,0,,,
"United States of America","US","USA","840","AMR",2018,,,,,,,0,,,,,,1,,,,,
"United States of America","US","USA","840","AMR",2019,0,,,,,,0,,,,,,0,,,,,
"Uruguay","UY","URY","858","AMR",2015,,,,,,,60,,113,,,,,,,,,
"Uruguay","UY","URY","858","AMR",2016,,,,,,,60,,193,,,,,,,,,
"Uruguay","UY","URY","858","AMR",2017,,,,,,,60,,179,,,,,,60,746,,
"Uruguay","UY","URY","858","AMR",2018,,,,,,,60,1131,213,,,,0,,,,,
"Uruguay","UY","URY","858","AMR",2019,60,1754,1343,,,,60,873,152,,,,194,,,,,
"Uzbekistan","UZ","UZB","860","EUR",2015,,,,,,,61,,,4818,,1842,,,,,,
"Uzbekistan","UZ","UZB","860","EUR",2016,,,,,,,60,,1938,,,,,,,,,
"Uzbekistan","UZ","UZB","860","EUR",2017,,,,,,,60,,2114,,,,,,60,8636,,
"Uzbekistan","UZ","UZB","860","EUR",2018,,,,,,,60,10381,1893,,,,0,,,,,
"Uzbekistan","UZ","UZB","860","EUR",2019,60,9767,9767,,,,60,9767,1971,,,,194,,,,,
"Vanuatu","VU","VUT","548","WPR",2015,,,,,,,60,,6,,,,,,,,,
"Vanuatu","VU","VUT","548","WPR",2016,,,,,,,60,,2,,,,,,,,,
"Vanuatu","VU","VUT","548","WPR",2017,,,,,,,60,,12,,,,,,60,0,,
"Vanuatu","VU","VUT","548","WPR",2018,,,,,,,60,11,11,,,,0,,,,,
"Vanuatu","VU","VUT","548","WPR",2019,60,152,152,,,,60,106,,,,,0,,,,,
"Venezuela (Bolivarian Republic of)","VE","VEN","862","AMR",2015,,,,,,,60,,482,,,,,,,,,
"Venezuela (Bolivarian Republic of)","VE","VEN","862","AMR",2016,,,,,,,60,,587,,,,,,,,,
"Venezuela (Bolivarian Republic of)","VE","VEN","862","AMR",2017,,,,,,,60,,648,,,,,,60,1727,,
"Venezuela (Bolivarian Republic of)","VE","VEN","862","AMR",2018,,,,,,,60,1992,652,,,,0,,,,,
"Venezuela (Bolivarian Republic of)","VE","VEN","862","AMR",2019,60,22172,15694,,,,60,1302,612,,,,194,,,,,
"Viet Nam","VN","VNM","704","WPR",2015,,,,,,,60,,1774,,,,,,,,,
"Viet Nam","VN","VNM","704","WPR",2016,,,,,,,60,,3038,,,,,,,,,
"Viet Nam","VN","VNM","704","WPR",2017,,,,,,,60,,4128,,,,,,0,,,
"Viet Nam","VN","VNM","704","WPR",2018,,,,,,,60,3979,3416,,,,1,404,,,,
"Viet Nam","VN","VNM","704","WPR",2019,60,,18612,,,,60,7087,3239,,,,0,,,,,
"Wallis and Futuna Islands","WF","WLF","876","WPR",2015,,,,,,,0,,,,,,,,,,,
"Wallis and Futuna Islands","WF","WLF","876","WPR",2016,,,,,,,2,,,,,,,,,,,
"Wallis and Futuna Islands","WF","WLF","876","WPR",2017,,,,,,,,,,,,,,,,,,
"Wallis and Futuna Islands","WF","WLF","876","WPR",2018,,,,,,,60,0,0,,,,0,,,,,
"Wallis and Futuna Islands","WF","WLF","876","WPR",2019,0,,,,,,0,,,,,,0,,,,,
"Yemen","YE","YEM","887","EMR",2015,,,,,,,0,,,,,,,,,,,
"Yemen","YE","YEM","887","EMR",2016,,,,,,,0,,,,,,,,,,,
"Yemen","YE","YEM","887","EMR",2017,,,,,,,0,,,,,,,,0,,,
"Yemen","YE","YEM","887","EMR",2018,,,,,,,0,,,,,,0,,,,,
"Yemen","YE","YEM","887","EMR",2019,0,,,,,,0,,,,,,0,,,,,
"Zambia","ZM","ZMB","894","AFR",2015,,,,,,,0,,,,,,,,,,,
"Zambia","ZM","ZMB","894","AFR",2016,,,,,,,0,,,,,,,,,,,
"Zambia","ZM","ZMB","894","AFR",2017,,,,,,,60,,404,,,,,,0,,,
"Zambia","ZM","ZMB","894","AFR",2018,,,,,,,60,,607,,,,0,,,,,
"Zambia","ZM","ZMB","894","AFR",2019,60,10560,10560,,,,60,1760,1760,,,,0,,,,,
"Zimbabwe","ZW","ZWE","716","AFR",2015,,,,,,,60,,2333,,,,,,,,,
"Zimbabwe","ZW","ZWE","716","AFR",2016,,,,,,,60,,5177,,,,,,,,,
"Zimbabwe","ZW","ZWE","716","AFR",2017,,,,,,,60,,1789,,,,,,0,,,
"Zimbabwe","ZW","ZWE","716","AFR",2018,,,,,,,60,1968,1968,,,,0,,,,,
"Zimbabwe","ZW","ZWE","716","AFR",2019,60,24210,23385,,,,60,2612,2612,,,,1,0,,,,
